시간,발전량
2025-01-01 00:00,1.6623333539494247
2025-01-01 01:00,2.0499227350596865
2025-01-01 02:00,0.8192764550571399
2025-01-01 03:00,1.204799757615489
2025-01-01 04:00,1.2535808500963057
2025-01-01 05:00,0.9967223818144175
2025-01-01 06:00,4.93916809352885
2025-01-01 07:00,6.140495426639611
2025-01-01 08:00,4.090721894279767
2025-01-01 09:00,4.153905315634082
2025-01-01 10:00,1.8265223145406575
2025-01-01 11:00,3.835394643512958
2025-01-01 12:00,3.6785253158254285
2025-01-01 13:00,6.459601138480548
2025-01-01 14:00,5.756005306394643
2025-01-01 15:00,5.616475156102487
2025-01-01 16:00,4.945534620332102
2025-01-01 17:00,4.941388875211395
2025-01-01 18:00,5.321879978936503
2025-01-01 19:00,10.289527221301306
2025-01-01 20:00,10.651710006409434
2025-01-01 21:00,13.437588583652147
2025-01-01 22:00,11.065192458069015
2025-01-01 23:00,10.882278894960148
2025-01-02 00:00,5.45069969659189
2025-01-02 01:00,5.654677202683226
2025-01-02 02:00,4.6854062698793735
2025-01-02 03:00,3.942972061424997
2025-01-02 04:00,3.747054972778172
2025-01-02 05:00,7.128234737760499
2025-01-02 06:00,11.860927522968932
2025-01-02 07:00,13.860703517613823
2025-01-02 08:00,9.956594157432445
2025-01-02 09:00,6.91211639929991
2025-01-02 10:00,4.686749935408156
2025-01-02 11:00,3.9258240493805068
2025-01-02 12:00,6.161969672311334
2025-01-02 13:00,7.134574176334825
2025-01-02 14:00,7.727902715301204
2025-01-02 15:00,12.08570297816339
2025-01-02 16:00,20.206184090182386
2025-01-02 17:00,24.322544570431045
2025-01-02 18:00,21.70588434632041
2025-01-02 19:00,22.861564322190205
2025-01-02 20:00,22.086662475040058
2025-01-02 21:00,15.334894118486151
2025-01-02 22:00,11.116538910149258
2025-01-02 23:00,9.385562649409309
2025-01-03 00:00,14.528072319805993
2025-01-03 01:00,11.086723555597752
2025-01-03 02:00,19.56826743988254
2025-01-03 03:00,25.523574611138393
2025-01-03 04:00,31.62771990893578
2025-01-03 05:00,30.723253249926834
2025-01-03 06:00,29.359350795940244
2025-01-03 07:00,31.615136633476254
2025-01-03 08:00,28.452497393562254
2025-01-03 09:00,29.98427808705911
2025-01-03 10:00,25.397063124194602
2025-01-03 11:00,23.947324496923205
2025-01-03 12:00,19.11090564370577
2025-01-03 13:00,6.329111493384293
2025-01-03 14:00,5.691092200581247
2025-01-03 15:00,2.3410025039160427
2025-01-03 16:00,2.28545357245861
2025-01-03 17:00,10.658094072787536
2025-01-03 18:00,14.930863949370952
2025-01-03 19:00,18.47056624488497
2025-01-03 20:00,29.509328225847298
2025-01-03 21:00,26.596638911806256
2025-01-03 22:00,30.729370429374413
2025-01-03 23:00,27.336954942369438
2025-01-04 00:00,11.087965928187645
2025-01-04 01:00,9.551105184596958
2025-01-04 02:00,8.106277809985988
2025-01-04 03:00,6.0614715663120595
2025-01-04 04:00,6.288589958945355
2025-01-04 05:00,2.7690527778753546
2025-01-04 06:00,2.5174042814643993
2025-01-04 07:00,2.207823421767481
2025-01-04 08:00,1.1528623366839503
2025-01-04 09:00,0.608204856762202
2025-01-04 10:00,0.0
2025-01-04 11:00,0.2174961832536817
2025-01-04 12:00,0.0
2025-01-04 13:00,0.03852673738175144
2025-01-04 14:00,3.1390077758473875
2025-01-04 15:00,2.7133236046531284
2025-01-04 16:00,2.477337969139846
2025-01-04 17:00,0.37965350454050695
2025-01-04 18:00,0.20395793736929596
2025-01-04 19:00,0.6497618750575516
2025-01-04 20:00,2.358609341909415
2025-01-04 21:00,5.0453367076551014
2025-01-04 22:00,5.221530045268535
2025-01-04 23:00,8.43772516716974
2025-01-05 00:00,5.906696630863102
2025-01-05 01:00,8.138606400761876
2025-01-05 02:00,15.205598218864903
2025-01-05 03:00,22.349706779400627
2025-01-05 04:00,18.403200222950133
2025-01-05 05:00,26.851507365424165
2025-01-05 06:00,31.45227600739154
2025-01-05 07:00,34.225382629818824
2025-01-05 08:00,36.223397142543135
2025-01-05 09:00,33.29287321415225
2025-01-05 10:00,43.594682585455914
2025-01-05 11:00,42.535228296681424
2025-01-05 12:00,47.18112614017753
2025-01-05 13:00,42.064038697052936
2025-01-05 14:00,45.11890291652506
2025-01-05 15:00,41.8870030229504
2025-01-05 16:00,23.145962475251263
2025-01-05 17:00,22.05926088992913
2025-01-05 18:00,14.117784612189425
2025-01-05 19:00,13.154687696007501
2025-01-05 20:00,13.308507683737512
2025-01-05 21:00,7.600530598216732
2025-01-05 22:00,11.599018781653005
2025-01-05 23:00,10.744334490363666
2025-01-06 00:00,14.505104590613074
2025-01-06 01:00,17.154254673889117
2025-01-06 02:00,21.106535642665445
2025-01-06 03:00,25.559185798176138
2025-01-06 04:00,20.797211754623106
2025-01-06 05:00,14.62309888640002
2025-01-06 06:00,11.33158127768884
2025-01-06 07:00,10.030552398715306
2025-01-06 08:00,11.598538048530854
2025-01-06 09:00,12.626425227249578
2025-01-06 10:00,29.967461025647065
2025-01-06 11:00,49.02335362548906
2025-01-06 12:00,52.609292366936764
2025-01-06 13:00,51.95669654712684
2025-01-06 14:00,51.82664837853552
2025-01-06 15:00,55.662302289486455
2025-01-06 16:00,53.41617768636044
2025-01-06 17:00,52.08361728701337
2025-01-06 18:00,54.876503106676
2025-01-06 19:00,58.96450927165641
2025-01-06 20:00,52.44415830172477
2025-01-06 21:00,55.71508183400901
2025-01-06 22:00,58.38357523599082
2025-01-06 23:00,58.60637734589292
2025-01-07 00:00,54.60177177759613
2025-01-07 01:00,56.480479755073276
2025-01-07 02:00,55.32084320656963
2025-01-07 03:00,50.57158590841152
2025-01-07 04:00,51.536060190665744
2025-01-07 05:00,34.57431168539148
2025-01-07 06:00,32.84957795349234
2025-01-07 07:00,18.14874878870311
2025-01-07 08:00,28.503956099460517
2025-01-07 09:00,12.665171158782886
2025-01-07 10:00,13.649420439543912
2025-01-07 11:00,33.39080278945732
2025-01-07 12:00,52.81038557671038
2025-01-07 13:00,46.459200453312896
2025-01-07 14:00,52.694644025437924
2025-01-07 15:00,59.4885240732425
2025-01-07 16:00,53.1378979379597
2025-01-07 17:00,56.215962563464586
2025-01-07 18:00,51.28401949992335
2025-01-07 19:00,54.50859690660441
2025-01-07 20:00,48.57198304228919
2025-01-07 21:00,36.572862396031255
2025-01-07 22:00,59.95061568786224
2025-01-07 23:00,48.126464571444195
2025-01-08 00:00,51.999335645549564
2025-01-08 01:00,41.805536349113495
2025-01-08 02:00,42.888182718680426
2025-01-08 03:00,44.41834369769908
2025-01-08 04:00,44.60166243003578
2025-01-08 05:00,40.63943015810812
2025-01-08 06:00,48.76863634423803
2025-01-08 07:00,22.121048750126672
2025-01-08 08:00,38.58713925454662
2025-01-08 09:00,29.03710570050865
2025-01-08 10:00,33.158745795976415
2025-01-08 11:00,32.22825670956759
2025-01-08 12:00,41.55350230221029
2025-01-08 13:00,39.65491433359576
2025-01-08 14:00,46.060921915870416
2025-01-08 15:00,45.27762114637015
2025-01-08 16:00,55.899247347432706
2025-01-08 17:00,51.367662301821994
2025-01-08 18:00,55.050311137604766
2025-01-08 19:00,57.61919091859264
2025-01-08 20:00,57.92973863526009
2025-01-08 21:00,55.92837790469622
2025-01-08 22:00,56.98998618393171
2025-01-08 23:00,58.030835340070766
2025-01-09 00:00,57.69316930193798
2025-01-09 01:00,56.079824420778564
2025-01-09 02:00,58.5278373138301
2025-01-09 03:00,53.6967827122977
2025-01-09 04:00,54.09978084327882
2025-01-09 05:00,62.02962104668956
2025-01-09 06:00,55.60457832053518
2025-01-09 07:00,57.3078997512404
2025-01-09 08:00,59.28063982416693
2025-01-09 09:00,58.960250347252384
2025-01-09 10:00,57.41935112842548
2025-01-09 11:00,53.526021396518196
2025-01-09 12:00,55.92985202179676
2025-01-09 13:00,51.376998987364296
2025-01-09 14:00,51.14542235323053
2025-01-09 15:00,49.754407861090215
2025-01-09 16:00,50.98078978552359
2025-01-09 17:00,49.88821602822116
2025-01-09 18:00,51.78753311567648
2025-01-09 19:00,52.60143252007101
2025-01-09 20:00,58.08259795179211
2025-01-09 21:00,57.252978947914016
2025-01-09 22:00,57.41290940911135
2025-01-09 23:00,52.28162263901095
2025-01-10 00:00,40.645185793085574
2025-01-10 01:00,31.92047265588721
2025-01-10 02:00,26.149770154246614
2025-01-10 03:00,20.206388941289966
2025-01-10 04:00,11.913089620486465
2025-01-10 05:00,8.67939552721857
2025-01-10 06:00,6.5528791839988925
2025-01-10 07:00,6.496665975113586
2025-01-10 08:00,9.30340831154885
2025-01-10 09:00,8.466812850771738
2025-01-10 10:00,4.972428450075112
2025-01-10 11:00,5.0114700307697335
2025-01-10 12:00,8.069039947479004
2025-01-10 13:00,12.94617803062026
2025-01-10 14:00,14.721583353749965
2025-01-10 15:00,11.541278843675586
2025-01-10 16:00,19.576233058824627
2025-01-10 17:00,9.63949693910615
2025-01-10 18:00,8.2451417887459
2025-01-10 19:00,6.208265942288712
2025-01-10 20:00,4.327055762295876
2025-01-10 21:00,18.98871127646538
2025-01-10 22:00,9.568899422927338
2025-01-10 23:00,16.70192989412727
2025-01-11 00:00,3.492317913970619
2025-01-11 01:00,2.9222010122407918
2025-01-11 02:00,3.516377816393637
2025-01-11 03:00,3.4005344447047214
2025-01-11 04:00,2.0439582634834124
2025-01-11 05:00,3.3504624301684176
2025-01-11 06:00,3.358505359555301
2025-01-11 07:00,3.066025834107101
2025-01-11 08:00,2.1734211641928174
2025-01-11 09:00,2.4991552297857997
2025-01-11 10:00,0.4052575790015005
2025-01-11 11:00,1.4089629300851612
2025-01-11 12:00,1.287139339808073
2025-01-11 13:00,1.2581013965816927
2025-01-11 14:00,0.9956607466607463
2025-01-11 15:00,1.2482584913180714
2025-01-11 16:00,1.1870228783456422
2025-01-11 17:00,1.4665013458703822
2025-01-11 18:00,4.992527126721958
2025-01-11 19:00,4.853196864512299
2025-01-11 20:00,3.3019146371251895
2025-01-11 21:00,6.763450717245307
2025-01-11 22:00,2.591528637627133
2025-01-11 23:00,3.3012765800734254
2025-01-12 00:00,2.682549521966296
2025-01-12 01:00,2.01321038946313
2025-01-12 02:00,2.7890361726322066
2025-01-12 03:00,0.08716053504418486
2025-01-12 04:00,3.151332667989228
2025-01-12 05:00,2.9451483821367104
2025-01-12 06:00,5.7458712860286205
2025-01-12 07:00,5.1169065385652175
2025-01-12 08:00,3.644577341963452
2025-01-12 09:00,1.3911700626838477
2025-01-12 10:00,2.044782189674709
2025-01-12 11:00,0.937361685173991
2025-01-12 12:00,1.2278883368651226
2025-01-12 13:00,2.223039972665454
2025-01-12 14:00,2.6047195106824885
2025-01-12 15:00,3.2913370439602985
2025-01-12 16:00,5.400573365623206
2025-01-12 17:00,1.4344112731754284
2025-01-12 18:00,3.1991539300761374
2025-01-12 19:00,3.094350659824423
2025-01-12 20:00,2.56929078364013
2025-01-12 21:00,6.75806810568417
2025-01-12 22:00,3.7354286538270225
2025-01-12 23:00,1.864625841921109
2025-01-13 00:00,2.0124200097982
2025-01-13 01:00,0.768858761525367
2025-01-13 02:00,0.9513541113752397
2025-01-13 03:00,0.26557021104410156
2025-01-13 04:00,0.6386526805565069
2025-01-13 05:00,0.9903115580172925
2025-01-13 06:00,1.4393705412094855
2025-01-13 07:00,1.5249062282126966
2025-01-13 08:00,2.0115677567063925
2025-01-13 09:00,1.7511305297021034
2025-01-13 10:00,1.0396196021801387
2025-01-13 11:00,1.9414076938732805
2025-01-13 12:00,4.211656356620777
2025-01-13 13:00,2.9404830962787685
2025-01-13 14:00,3.564350974759787
2025-01-13 15:00,3.0860832729529175
2025-01-13 16:00,5.807778042161505
2025-01-13 17:00,10.1554914808961
2025-01-13 18:00,16.652567321816164
2025-01-13 19:00,28.62779538124876
2025-01-13 20:00,32.9200633183845
2025-01-13 21:00,35.412677593989876
2025-01-13 22:00,41.11579690651578
2025-01-13 23:00,43.46630954235369
2025-01-14 00:00,35.16822487972553
2025-01-14 01:00,30.305852016749586
2025-01-14 02:00,34.993941851415954
2025-01-14 03:00,29.906882049829036
2025-01-14 04:00,29.61133895675306
2025-01-14 05:00,26.743548562321116
2025-01-14 06:00,27.163405686922452
2025-01-14 07:00,28.77686623457435
2025-01-14 08:00,32.177215701538096
2025-01-14 09:00,22.824795793966985
2025-01-14 10:00,12.956547832898995
2025-01-14 11:00,15.268750394533093
2025-01-14 12:00,16.798088051369472
2025-01-14 13:00,16.80866969599883
2025-01-14 14:00,24.53606987033192
2025-01-14 15:00,24.912657395761244
2025-01-14 16:00,27.012269715677284
2025-01-14 17:00,29.943035069180507
2025-01-14 18:00,29.78733839034418
2025-01-14 19:00,31.37675139764022
2025-01-14 20:00,43.97436932961644
2025-01-14 21:00,47.22041054746293
2025-01-14 22:00,49.98600500243286
2025-01-14 23:00,50.11964693418445
2025-01-15 00:00,43.99481458131787
2025-01-15 01:00,51.90889474428374
2025-01-15 02:00,51.68476787623391
2025-01-15 03:00,51.437585082432236
2025-01-15 04:00,54.81640678566147
2025-01-15 05:00,55.15573428055844
2025-01-15 06:00,52.300027251296086
2025-01-15 07:00,46.622141925055736
2025-01-15 08:00,43.891729922915836
2025-01-15 09:00,49.78380649855531
2025-01-15 10:00,47.10602026595678
2025-01-15 11:00,56.847080340931456
2025-01-15 12:00,50.37290562878108
2025-01-15 13:00,47.82117213661396
2025-01-15 14:00,48.62314919482267
2025-01-15 15:00,49.7411083866452
2025-01-15 16:00,47.53154497525048
2025-01-15 17:00,47.15023875787219
2025-01-15 18:00,42.81479345285744
2025-01-15 19:00,49.44397285616909
2025-01-15 20:00,48.99749436662789
2025-01-15 21:00,40.82623613186024
2025-01-15 22:00,25.080491650001335
2025-01-15 23:00,21.45111101859043
2025-01-16 00:00,6.583018269187077
2025-01-16 01:00,2.703964630377243
2025-01-16 02:00,1.5716325673680842
2025-01-16 03:00,1.1227093913965331
2025-01-16 04:00,2.125315007988722
2025-01-16 05:00,5.29184211506457
2025-01-16 06:00,9.877459946847546
2025-01-16 07:00,3.949920341278144
2025-01-16 08:00,8.304718194659587
2025-01-16 09:00,9.467613326291211
2025-01-16 10:00,9.858212520236957
2025-01-16 11:00,15.509569361946834
2025-01-16 12:00,15.825365043148286
2025-01-16 13:00,12.678385248087464
2025-01-16 14:00,16.614484993158175
2025-01-16 15:00,14.86894785683721
2025-01-16 16:00,13.614942842030981
2025-01-16 17:00,10.41905225593423
2025-01-16 18:00,9.418864271375536
2025-01-16 19:00,10.088378900691543
2025-01-16 20:00,9.327525702432494
2025-01-16 21:00,7.235390987512212
2025-01-16 22:00,19.63134712332305
2025-01-16 23:00,21.935914569846357
2025-01-17 00:00,10.624867278062316
2025-01-17 01:00,15.292776386352765
2025-01-17 02:00,17.759647207752767
2025-01-17 03:00,27.774540626572072
2025-01-17 04:00,23.88447174829043
2025-01-17 05:00,16.787516510937653
2025-01-17 06:00,8.788490109285254
2025-01-17 07:00,6.335321401520554
2025-01-17 08:00,3.2810230112334002
2025-01-17 09:00,3.0159654970276986
2025-01-17 10:00,5.627713062734864
2025-01-17 11:00,4.4788935199016855
2025-01-17 12:00,6.186382176924494
2025-01-17 13:00,10.292364799955955
2025-01-17 14:00,11.559302392182797
2025-01-17 15:00,15.943307714994525
2025-01-17 16:00,23.742903869174093
2025-01-17 17:00,19.827434232071706
2025-01-17 18:00,15.609397746445815
2025-01-17 19:00,17.755539261707305
2025-01-17 20:00,10.589083074024929
2025-01-17 21:00,11.842360829563715
2025-01-17 22:00,11.534397152013247
2025-01-17 23:00,12.017942763270112
2025-01-18 00:00,4.42583067476389
2025-01-18 01:00,4.856970513455243
2025-01-18 02:00,5.305716460742097
2025-01-18 03:00,8.198131741614066
2025-01-18 04:00,5.744532309305401
2025-01-18 05:00,5.079813843367953
2025-01-18 06:00,4.309836672356431
2025-01-18 07:00,8.708947440204403
2025-01-18 08:00,7.7032025722089825
2025-01-18 09:00,2.593954457454169
2025-01-18 10:00,1.6810325888440159
2025-01-18 11:00,1.6536053824625148
2025-01-18 12:00,0.19055029882368468
2025-01-18 13:00,0.019539384459243723
2025-01-18 14:00,0.20876501251633256
2025-01-18 15:00,0.5972593935951624
2025-01-18 16:00,1.0526621188696246
2025-01-18 17:00,6.8555752976598585
2025-01-18 18:00,3.3451576713272475
2025-01-18 19:00,2.4715627256628485
2025-01-18 20:00,5.2409655684975895
2025-01-18 21:00,4.501420912987176
2025-01-18 22:00,2.820274750923611
2025-01-18 23:00,1.24463548443399
2025-01-19 00:00,1.5318638673394935
2025-01-19 01:00,1.5875513139026949
2025-01-19 02:00,2.72607899259823
2025-01-19 03:00,1.8534415839640905
2025-01-19 04:00,3.4764540341369496
2025-01-19 05:00,2.066670888931159
2025-01-19 06:00,1.725240059138341
2025-01-19 07:00,1.9792764363322668
2025-01-19 08:00,2.0768333616292938
2025-01-19 09:00,2.1894088877458513
2025-01-19 10:00,1.2416299714030496
2025-01-19 11:00,2.05254107957035
2025-01-19 12:00,0.692507967703475
2025-01-19 13:00,0.7361484200175537
2025-01-19 14:00,0.031963695552073366
2025-01-19 15:00,0.09860199113005028
2025-01-19 16:00,0.4952227533880367
2025-01-19 17:00,0.6156329152207957
2025-01-19 18:00,0.6266687110988738
2025-01-19 19:00,1.6008003546784835
2025-01-19 20:00,2.1491560911959646
2025-01-19 21:00,5.638237479562226
2025-01-19 22:00,6.582866545581175
2025-01-19 23:00,7.382693440980374
2025-01-20 00:00,3.38953673890527
2025-01-20 01:00,3.294567290434625
2025-01-20 02:00,6.838896521131232
2025-01-20 03:00,1.9164951995167319
2025-01-20 04:00,2.2657218445718548
2025-01-20 05:00,2.675514797496641
2025-01-20 06:00,2.8213058451155906
2025-01-20 07:00,1.5051477155692958
2025-01-20 08:00,2.3481755311964814
2025-01-20 09:00,2.321896393480489
2025-01-20 10:00,0.6502910456572681
2025-01-20 11:00,5.850689730078112
2025-01-20 12:00,11.39030277284444
2025-01-20 13:00,11.568737229775028
2025-01-20 14:00,4.374746447170529
2025-01-20 15:00,4.272190797814374
2025-01-20 16:00,3.289749410073517
2025-01-20 17:00,3.1043094136544593
2025-01-20 18:00,1.6805986654238425
2025-01-20 19:00,2.7077785068935336
2025-01-20 20:00,4.544185094579264
2025-01-20 21:00,6.963540938448345
2025-01-20 22:00,6.5559540527093985
2025-01-20 23:00,3.0217336572812217
2025-01-21 00:00,3.667509034613846
2025-01-21 01:00,3.8928893742851165
2025-01-21 02:00,3.2724955740796378
2025-01-21 03:00,2.4843289616471522
2025-01-21 04:00,3.4484408476460295
2025-01-21 05:00,3.3154632571706895
2025-01-21 06:00,1.7324165461665424
2025-01-21 07:00,1.6627130732469073
2025-01-21 08:00,1.8899579027810745
2025-01-21 09:00,1.030386658385825
2025-01-21 10:00,1.0741942727112894
2025-01-21 11:00,0.1624032409873586
2025-01-21 12:00,0.0
2025-01-21 13:00,0.495123574583743
2025-01-21 14:00,2.783301219476736
2025-01-21 15:00,3.265188305017109
2025-01-21 16:00,1.8701652622038452
2025-01-21 17:00,0.3415325540701183
2025-01-21 18:00,0.0
2025-01-21 19:00,0.5234126219238133
2025-01-21 20:00,1.0105591440694106
2025-01-21 21:00,2.934774411644052
2025-01-21 22:00,5.955036604438602
2025-01-21 23:00,5.806441384571171
2025-01-22 00:00,0.8371294170191379
2025-01-22 01:00,1.6581359137405531
2025-01-22 02:00,0.4203632691157986
2025-01-22 03:00,2.5662688055849214
2025-01-22 04:00,4.884581564806787
2025-01-22 05:00,3.71353996894975
2025-01-22 06:00,2.3199757702764
2025-01-22 07:00,1.3839170927299387
2025-01-22 08:00,1.0651664261997151
2025-01-22 09:00,1.8621993866268518
2025-01-22 10:00,1.2310836623211108
2025-01-22 11:00,7.3271521733009015
2025-01-22 12:00,3.065094973194623
2025-01-22 13:00,2.6189213186705125
2025-01-22 14:00,2.751977173538406
2025-01-22 15:00,2.4019352406014027
2025-01-22 16:00,2.7487369020200054
2025-01-22 17:00,2.7106856583942553
2025-01-22 18:00,3.148583251017579
2025-01-22 19:00,4.122009311391057
2025-01-22 20:00,4.396792028897472
2025-01-22 21:00,3.377992162887444
2025-01-22 22:00,3.9555473797373164
2025-01-22 23:00,3.5058423646191885
2025-01-23 00:00,2.1113917697949636
2025-01-23 01:00,8.379317117624806
2025-01-23 02:00,8.111104611806844
2025-01-23 03:00,8.535084133418298
2025-01-23 04:00,7.117498062851251
2025-01-23 05:00,6.596191728742429
2025-01-23 06:00,6.293058346456966
2025-01-23 07:00,5.637743033674562
2025-01-23 08:00,2.368061923049953
2025-01-23 09:00,2.283298333983617
2025-01-23 10:00,2.8445131053299986
2025-01-23 11:00,4.9637100184088245
2025-01-23 12:00,4.919144050707024
2025-01-23 13:00,6.215235637370533
2025-01-23 14:00,5.438163722879924
2025-01-23 15:00,7.887627497830944
2025-01-23 16:00,7.980551293332843
2025-01-23 17:00,11.209080003241368
2025-01-23 18:00,15.996577432339102
2025-01-23 19:00,17.626234872572077
2025-01-23 20:00,13.87921572947166
2025-01-23 21:00,11.860818323615167
2025-01-23 22:00,10.587478910614706
2025-01-23 23:00,15.12023677730227
2025-01-24 00:00,11.04367992139199
2025-01-24 01:00,7.991960485785327
2025-01-24 02:00,8.373947939601042
2025-01-24 03:00,12.8452572446577
2025-01-24 04:00,17.519564877218635
2025-01-24 05:00,14.828815271200408
2025-01-24 06:00,10.475448026423994
2025-01-24 07:00,10.985892198439851
2025-01-24 08:00,14.135352990653802
2025-01-24 09:00,8.606669310274084
2025-01-24 10:00,7.411977309539596
2025-01-24 11:00,7.229392795314081
2025-01-24 12:00,10.539216213636358
2025-01-24 13:00,23.11547634199462
2025-01-24 14:00,22.72457043664809
2025-01-24 15:00,15.278679084185459
2025-01-24 16:00,16.805993894064546
2025-01-24 17:00,19.297498227943215
2025-01-24 18:00,21.399450379529984
2025-01-24 19:00,20.59175354014524
2025-01-24 20:00,16.279105369460133
2025-01-24 21:00,14.774716288800409
2025-01-24 22:00,15.052992571937466
2025-01-24 23:00,16.616732935665464
2025-01-25 00:00,17.743771791669946
2025-01-25 01:00,18.638987405047427
2025-01-25 02:00,20.431742564735448
2025-01-25 03:00,18.510613289727498
2025-01-25 04:00,16.215846739280252
2025-01-25 05:00,19.236991355461264
2025-01-25 06:00,18.551823601729012
2025-01-25 07:00,18.07189843905108
2025-01-25 08:00,17.844981477646964
2025-01-25 09:00,14.918086785410676
2025-01-25 10:00,12.743815476389962
2025-01-25 11:00,9.839612924716494
2025-01-25 12:00,7.842071168921345
2025-01-25 13:00,8.914462988865324
2025-01-25 14:00,9.050858049137277
2025-01-25 15:00,13.06807970518097
2025-01-25 16:00,16.368164068465777
2025-01-25 17:00,16.291008044214916
2025-01-25 18:00,17.412861120516986
2025-01-25 19:00,15.821178029396833
2025-01-25 20:00,18.331181999727637
2025-01-25 21:00,21.40142309174819
2025-01-25 22:00,17.84000427042384
2025-01-25 23:00,21.40793768946329
2025-01-26 00:00,12.037616825766737
2025-01-26 01:00,14.214493453753079
2025-01-26 02:00,14.984210685200278
2025-01-26 03:00,15.17293383968293
2025-01-26 04:00,17.527753108160688
2025-01-26 05:00,22.26032491360287
2025-01-26 06:00,18.844841280782457
2025-01-26 07:00,14.79827838875549
2025-01-26 08:00,9.592241505547104
2025-01-26 09:00,6.1831055252442315
2025-01-26 10:00,2.7222652447655884
2025-01-26 11:00,0.10055575760871394
2025-01-26 12:00,0.28825343219491406
2025-01-26 13:00,0.110526995072038
2025-01-26 14:00,0.4338835501310734
2025-01-26 15:00,0.46475631993236965
2025-01-26 16:00,0.12315190843194146
2025-01-26 17:00,0.23934283649909793
2025-01-26 18:00,0.48015198030783424
2025-01-26 19:00,1.7117694959344114
2025-01-26 20:00,0.5546179484595097
2025-01-26 21:00,0.9084189652533319
2025-01-26 22:00,0.649233396372709
2025-01-26 23:00,1.563698152108069
2025-01-27 00:00,5.6142323810918295
2025-01-27 01:00,5.287013143034526
2025-01-27 02:00,4.755039491185202
2025-01-27 03:00,4.261420111102635
2025-01-27 04:00,7.777347324329683
2025-01-27 05:00,22.62302986630794
2025-01-27 06:00,26.070959364821995
2025-01-27 07:00,37.33726937281098
2025-01-27 08:00,42.01891794674854
2025-01-27 09:00,51.456463386392855
2025-01-27 10:00,55.313448480487175
2025-01-27 11:00,49.083562441572425
2025-01-27 12:00,46.52448989185429
2025-01-27 13:00,44.70279187800101
2025-01-27 14:00,54.720031831614214
2025-01-27 15:00,51.61365704198009
2025-01-27 16:00,50.22355878203799
2025-01-27 17:00,54.66178191433305
2025-01-27 18:00,56.04496473132863
2025-01-27 19:00,58.99553527784691
2025-01-27 20:00,58.591406986978555
2025-01-27 21:00,56.05749256274865
2025-01-27 22:00,56.958638862864866
2025-01-27 23:00,56.24937341290315
2025-01-28 00:00,52.42193766965872
2025-01-28 01:00,58.132518995458476
2025-01-28 02:00,56.84598561258262
2025-01-28 03:00,60.231384518024825
2025-01-28 04:00,61.044792835120305
2025-01-28 05:00,59.975766557601276
2025-01-28 06:00,57.09007065721255
2025-01-28 07:00,59.96422288241801
2025-01-28 08:00,58.502919150189776
2025-01-28 09:00,56.17141983779307
2025-01-28 10:00,55.24004958383753
2025-01-28 11:00,56.17553665206597
2025-01-28 12:00,55.57446029269493
2025-01-28 13:00,59.413968604968765
2025-01-28 14:00,59.80363062543289
2025-01-28 15:00,56.30071809350031
2025-01-28 16:00,55.5958767579518
2025-01-28 17:00,56.73519966277194
2025-01-28 18:00,57.51211904326676
2025-01-28 19:00,58.58837525225971
2025-01-28 20:00,58.8033715623063
2025-01-28 21:00,57.12200544614218
2025-01-28 22:00,59.910854637791594
2025-01-28 23:00,57.40834860611205
2025-01-29 00:00,56.09219417287153
2025-01-29 01:00,60.23649612086127
2025-01-29 02:00,59.90603556641304
2025-01-29 03:00,58.25258404139156
2025-01-29 04:00,59.12494230315621
2025-01-29 05:00,58.04944869102213
2025-01-29 06:00,53.48847118105601
2025-01-29 07:00,52.600636627154046
2025-01-29 08:00,54.88392828935667
2025-01-29 09:00,56.6865160865005
2025-01-29 10:00,58.15798474458097
2025-01-29 11:00,57.77155218810419
2025-01-29 12:00,56.30848815455008
2025-01-29 13:00,56.19709845452224
2025-01-29 14:00,56.54956856722589
2025-01-29 15:00,54.54785857896811
2025-01-29 16:00,59.97649478786004
2025-01-29 17:00,56.57034037270167
2025-01-29 18:00,54.2960747174361
2025-01-29 19:00,58.88504090547651
2025-01-29 20:00,53.09412454703254
2025-01-29 21:00,45.603629560336316
2025-01-29 22:00,40.70833802263696
2025-01-29 23:00,48.247132113795864
2025-01-30 00:00,27.90622626628612
2025-01-30 01:00,23.866616849510475
2025-01-30 02:00,20.11820360693835
2025-01-30 03:00,8.455599225351564
2025-01-30 04:00,2.6844655754738067
2025-01-30 05:00,2.9384224443090776
2025-01-30 06:00,3.9817489539510182
2025-01-30 07:00,5.930190857263324
2025-01-30 08:00,4.290754175674681
2025-01-30 09:00,4.344778511231787
2025-01-30 10:00,3.3040896107586333
2025-01-30 11:00,3.6959074069333058
2025-01-30 12:00,3.9245224456151595
2025-01-30 13:00,3.8475790986744025
2025-01-30 14:00,2.331561913041443
2025-01-30 15:00,2.168290777335562
2025-01-30 16:00,2.7667105814785073
2025-01-30 17:00,8.357078756474763
2025-01-30 18:00,5.2364424097669
2025-01-30 19:00,6.155642655935778
2025-01-30 20:00,6.007801890884036
2025-01-30 21:00,6.4745149378640345
2025-01-30 22:00,9.262946025898305
2025-01-30 23:00,7.051926622279499
2025-01-31 00:00,4.626633220063865
2025-01-31 01:00,3.9519708272233505
2025-01-31 02:00,4.934955106729902
2025-01-31 03:00,7.533861619006409
2025-01-31 04:00,2.8788446459967716
2025-01-31 05:00,5.374330254505776
2025-01-31 06:00,4.298726165084826
2025-01-31 07:00,4.810223846016449
2025-01-31 08:00,3.8984279149872525
2025-01-31 09:00,4.516828078704236
2025-01-31 10:00,4.856209685755296
2025-01-31 11:00,10.221442875997523
2025-01-31 12:00,11.20078859743998
2025-01-31 13:00,8.322431022785173
2025-01-31 14:00,4.362427815384028
2025-01-31 15:00,2.6478548754427704
2025-01-31 16:00,1.2813961638439157
2025-01-31 17:00,1.4901233626580277
2025-01-31 18:00,1.3572844597977185
2025-01-31 19:00,3.0986061027193164
2025-01-31 20:00,3.98419448657576
2025-01-31 21:00,3.489925795129551
2025-01-31 22:00,3.6999774967885477
2025-01-31 23:00,4.103479206599241
2025-02-01 00:00,1.5764953669135324
2025-02-01 01:00,1.3429377532998932
2025-02-01 02:00,1.862070751642623
2025-02-01 03:00,1.8159546621900455
2025-02-01 04:00,1.303754821498408
2025-02-01 05:00,2.7982327407822827
2025-02-01 06:00,3.8342035071510376
2025-02-01 07:00,3.8920534892411656
2025-02-01 08:00,3.274167663782259
2025-02-01 09:00,5.747454212754279
2025-02-01 10:00,2.0754757267531034
2025-02-01 11:00,3.958026677368324
2025-02-01 12:00,5.012377355770308
2025-02-01 13:00,8.345783276942806
2025-02-01 14:00,11.828062701344772
2025-02-01 15:00,9.970200902858533
2025-02-01 16:00,11.257232435731051
2025-02-01 17:00,9.21507286571295
2025-02-01 18:00,9.197362829979687
2025-02-01 19:00,12.166252799973046
2025-02-01 20:00,9.240815550611345
2025-02-01 21:00,7.407974949615896
2025-02-01 22:00,10.200765551728908
2025-02-01 23:00,10.219511251238561
2025-02-02 00:00,14.075013955460129
2025-02-02 01:00,11.154974206946292
2025-02-02 02:00,11.969015306184197
2025-02-02 03:00,7.661107107034413
2025-02-02 04:00,4.0928493182301295
2025-02-02 05:00,3.59766479167184
2025-02-02 06:00,4.533350205700224
2025-02-02 07:00,4.1533326380762565
2025-02-02 08:00,4.382230352707221
2025-02-02 09:00,4.056446444194469
2025-02-02 10:00,3.930455798557523
2025-02-02 11:00,7.393815684780493
2025-02-02 12:00,4.666033625946212
2025-02-02 13:00,7.917061760992871
2025-02-02 14:00,10.89202818712212
2025-02-02 15:00,10.632565162135302
2025-02-02 16:00,16.63403684912293
2025-02-02 17:00,20.17732169218951
2025-02-02 18:00,27.53298314465594
2025-02-02 19:00,29.003451518727104
2025-02-02 20:00,25.23252705051776
2025-02-02 21:00,23.36446893101475
2025-02-02 22:00,23.53914233121559
2025-02-02 23:00,29.61358296699515
2025-02-03 00:00,26.835606835505132
2025-02-03 01:00,41.146491798921296
2025-02-03 02:00,40.64635080151735
2025-02-03 03:00,48.87243251539936
2025-02-03 04:00,55.420793050071204
2025-02-03 05:00,57.37684396887851
2025-02-03 06:00,57.14333631922121
2025-02-03 07:00,55.088283890269715
2025-02-03 08:00,55.91876932350233
2025-02-03 09:00,58.043252093720106
2025-02-03 10:00,51.834564211977224
2025-02-03 11:00,51.95412112677719
2025-02-03 12:00,50.94839602805966
2025-02-03 13:00,52.978995492757555
2025-02-03 14:00,50.88695009123334
2025-02-03 15:00,52.94858855402844
2025-02-03 16:00,54.407904860125264
2025-02-03 17:00,52.60889149380219
2025-02-03 18:00,53.62755629616057
2025-02-03 19:00,57.9456676919088
2025-02-03 20:00,57.997170597758725
2025-02-03 21:00,55.83826533717188
2025-02-03 22:00,56.7917536107322
2025-02-03 23:00,57.88174522311075
2025-02-04 00:00,51.38887733641667
2025-02-04 01:00,54.86733766327089
2025-02-04 02:00,53.837563687827036
2025-02-04 03:00,54.94121136441638
2025-02-04 04:00,56.05095691124201
2025-02-04 05:00,52.885947031512806
2025-02-04 06:00,55.22612963247456
2025-02-04 07:00,52.58800856950733
2025-02-04 08:00,53.69616976740078
2025-02-04 09:00,52.00457528457417
2025-02-04 10:00,52.7030110529909
2025-02-04 11:00,52.058868691773384
2025-02-04 12:00,54.29265995146623
2025-02-04 13:00,56.375038322895676
2025-02-04 14:00,54.56609022733898
2025-02-04 15:00,53.449623258063376
2025-02-04 16:00,53.5935036918853
2025-02-04 17:00,53.58090151039455
2025-02-04 18:00,53.6985570419664
2025-02-04 19:00,54.37731435798828
2025-02-04 20:00,55.348796903144425
2025-02-04 21:00,55.24647130440491
2025-02-04 22:00,52.77634634817146
2025-02-04 23:00,51.18720874343161
2025-02-05 00:00,55.29628171208567
2025-02-05 01:00,55.21462752716781
2025-02-05 02:00,55.80882107469848
2025-02-05 03:00,49.29395884313094
2025-02-05 04:00,53.51100685953509
2025-02-05 05:00,54.63628193297279
2025-02-05 06:00,49.948793948507074
2025-02-05 07:00,36.75784884298699
2025-02-05 08:00,30.98853829173024
2025-02-05 09:00,33.06905956408626
2025-02-05 10:00,40.10754855769629
2025-02-05 11:00,46.43437342007486
2025-02-05 12:00,30.48649352557799
2025-02-05 13:00,28.253080469679475
2025-02-05 14:00,37.5185615106919
2025-02-05 15:00,42.13589851240802
2025-02-05 16:00,52.96809104970778
2025-02-05 17:00,50.87812379410451
2025-02-05 18:00,55.444713371440315
2025-02-05 19:00,52.46256861652109
2025-02-05 20:00,54.9392791516582
2025-02-05 21:00,54.2445572209181
2025-02-05 22:00,54.381502587009926
2025-02-05 23:00,54.25143087220223
2025-02-06 00:00,50.120073636604495
2025-02-06 01:00,46.380631370700286
2025-02-06 02:00,40.25632953391631
2025-02-06 03:00,26.289132634452926
2025-02-06 04:00,23.534910930967907
2025-02-06 05:00,19.114452760981067
2025-02-06 06:00,9.18977256079055
2025-02-06 07:00,4.833493574031816
2025-02-06 08:00,4.250340757365824
2025-02-06 09:00,4.858266137905674
2025-02-06 10:00,6.950255220555134
2025-02-06 11:00,17.871685401012336
2025-02-06 12:00,32.08223205231579
2025-02-06 13:00,36.01723725732252
2025-02-06 14:00,47.40204366478787
2025-02-06 15:00,39.07666359552263
2025-02-06 16:00,30.136021136574378
2025-02-06 17:00,26.61092100641828
2025-02-06 18:00,41.846266539626356
2025-02-06 19:00,38.933552993528984
2025-02-06 20:00,53.00915915717448
2025-02-06 21:00,58.699176764868156
2025-02-06 22:00,57.31135480416346
2025-02-06 23:00,53.78149497780092
2025-02-07 00:00,23.195464643756054
2025-02-07 01:00,16.340553149057573
2025-02-07 02:00,6.601079818092034
2025-02-07 03:00,1.7353342511835053
2025-02-07 04:00,2.8843261869698593
2025-02-07 05:00,20.11664306520068
2025-02-07 06:00,34.53595777910225
2025-02-07 07:00,37.80939518150065
2025-02-07 08:00,47.88559033862643
2025-02-07 09:00,54.817875284746364
2025-02-07 10:00,53.14780997367115
2025-02-07 11:00,51.75630793415987
2025-02-07 12:00,51.61515548087539
2025-02-07 13:00,52.462852515353745
2025-02-07 14:00,52.84803720463159
2025-02-07 15:00,51.07099945023566
2025-02-07 16:00,51.27271593853739
2025-02-07 17:00,50.198876469600734
2025-02-07 18:00,53.848101636723115
2025-02-07 19:00,54.71466362888442
2025-02-07 20:00,54.13788230106021
2025-02-07 21:00,52.99552109967131
2025-02-07 22:00,55.024902370771116
2025-02-07 23:00,50.750734215840545
2025-02-08 00:00,50.24963765990569
2025-02-08 01:00,53.94134355775584
2025-02-08 02:00,52.59504429048231
2025-02-08 03:00,46.82108198771331
2025-02-08 04:00,45.679580727191485
2025-02-08 05:00,48.01160378512573
2025-02-08 06:00,43.801059293715674
2025-02-08 07:00,42.45368466474305
2025-02-08 08:00,41.74810460341887
2025-02-08 09:00,37.27788400472192
2025-02-08 10:00,42.17772737043808
2025-02-08 11:00,51.42781054324719
2025-02-08 12:00,52.87811087791305
2025-02-08 13:00,53.23048995664454
2025-02-08 14:00,52.50589032219698
2025-02-08 15:00,51.92659909190624
2025-02-08 16:00,50.83929878589372
2025-02-08 17:00,49.16678623098512
2025-02-08 18:00,38.885731883717895
2025-02-08 19:00,27.874597375382614
2025-02-08 20:00,10.909228636625002
2025-02-08 21:00,5.988363350919077
2025-02-08 22:00,4.499356293251056
2025-02-08 23:00,6.399703739182808
2025-02-09 00:00,9.460136348327325
2025-02-09 01:00,1.7483768685300087
2025-02-09 02:00,3.2117239023957485
2025-02-09 03:00,2.9053193877688654
2025-02-09 04:00,2.3184008191187577
2025-02-09 05:00,2.1162372922577264
2025-02-09 06:00,2.717516379825262
2025-02-09 07:00,1.4479154425491343
2025-02-09 08:00,1.9604709462361076
2025-02-09 09:00,1.6445556981985474
2025-02-09 10:00,2.401317157632981
2025-02-09 11:00,1.009285738338903
2025-02-09 12:00,6.0796858437354775
2025-02-09 13:00,6.360369516799267
2025-02-09 14:00,6.477312305255941
2025-02-09 15:00,17.844188604986442
2025-02-09 16:00,23.756760349921848
2025-02-09 17:00,21.18584868218458
2025-02-09 18:00,20.464638557053256
2025-02-09 19:00,14.883099557783284
2025-02-09 20:00,23.4390558948306
2025-02-09 21:00,14.974145581561862
2025-02-09 22:00,14.837881046097529
2025-02-09 23:00,11.003152047983873
2025-02-10 00:00,16.245650527433842
2025-02-10 01:00,7.1019910258546535
2025-02-10 02:00,4.413795602548448
2025-02-10 03:00,6.609953890816667
2025-02-10 04:00,4.304434233693142
2025-02-10 05:00,3.3193859754201083
2025-02-10 06:00,1.8943016221223683
2025-02-10 07:00,1.1106938821728518
2025-02-10 08:00,2.0748006571691198
2025-02-10 09:00,1.507759565716062
2025-02-10 10:00,3.4147901479579224
2025-02-10 11:00,8.653619744374055
2025-02-10 12:00,5.650110431106527
2025-02-10 13:00,7.995673013411913
2025-02-10 14:00,23.100463659077043
2025-02-10 15:00,15.27545711374199
2025-02-10 16:00,27.166066376172754
2025-02-10 17:00,15.796619638888952
2025-02-10 18:00,17.70331688424058
2025-02-10 19:00,11.845099469934095
2025-02-10 20:00,6.330270705173125
2025-02-10 21:00,2.0155419133947223
2025-02-10 22:00,1.0391202898721792
2025-02-10 23:00,1.5510777836492315
2025-02-11 00:00,1.3830340796699094
2025-02-11 01:00,1.122310471039024
2025-02-11 02:00,2.015597614734932
2025-02-11 03:00,1.3855016116343677
2025-02-11 04:00,2.300679167974174
2025-02-11 05:00,1.0476877207384088
2025-02-11 06:00,1.9722815269273881
2025-02-11 07:00,3.1995961563826127
2025-02-11 08:00,3.3470858364589855
2025-02-11 09:00,2.0967993835381917
2025-02-11 10:00,1.4377949961589418
2025-02-11 11:00,1.5956580779991214
2025-02-11 12:00,0.502927933038748
2025-02-11 13:00,0.5324364654979292
2025-02-11 14:00,0.6357959350434669
2025-02-11 15:00,0.18415339578674808
2025-02-11 16:00,0.10426235335215436
2025-02-11 17:00,0.9049136714984831
2025-02-11 18:00,6.519523685507371
2025-02-11 19:00,4.90516403487394
2025-02-11 20:00,5.312976488244503
2025-02-11 21:00,7.061605094283813
2025-02-11 22:00,11.438137374394147
2025-02-11 23:00,4.285780253936218
2025-02-12 00:00,2.9281796616634392
2025-02-12 01:00,2.692842693994029
2025-02-12 02:00,4.5873041703320805
2025-02-12 03:00,5.445601761125881
2025-02-12 04:00,9.4785248647885
2025-02-12 05:00,13.244481682771017
2025-02-12 06:00,6.618853640956977
2025-02-12 07:00,8.094425406711421
2025-02-12 08:00,9.357141441783213
2025-02-12 09:00,19.283889812667837
2025-02-12 10:00,17.679631928983284
2025-02-12 11:00,12.470105903362157
2025-02-12 12:00,5.224874259163514
2025-02-12 13:00,21.055989306365333
2025-02-12 14:00,37.48713692858354
2025-02-12 15:00,39.309891637902794
2025-02-12 16:00,52.79387217485893
2025-02-12 17:00,54.28915952797392
2025-02-12 18:00,54.46302225274629
2025-02-12 19:00,55.36679311449194
2025-02-12 20:00,57.34131536587626
2025-02-12 21:00,60.05865025126995
2025-02-12 22:00,60.62066048326289
2025-02-12 23:00,58.28148556118581
2025-02-13 00:00,55.72545705826996
2025-02-13 01:00,54.833041273377034
2025-02-13 02:00,50.74247477780462
2025-02-13 03:00,47.61218788965063
2025-02-13 04:00,29.10571090493518
2025-02-13 05:00,14.450125768124012
2025-02-13 06:00,5.748839991683628
2025-02-13 07:00,1.417199907725616
2025-02-13 08:00,0.8046774742686362
2025-02-13 09:00,0.9883042399444644
2025-02-13 10:00,1.2008760487825505
2025-02-13 11:00,3.069036357156413
2025-02-13 12:00,3.0165413855584675
2025-02-13 13:00,3.607809442431029
2025-02-13 14:00,7.342546401167211
2025-02-13 15:00,10.33835151973575
2025-02-13 16:00,9.514275345690253
2025-02-13 17:00,11.575562357063646
2025-02-13 18:00,13.336734465130242
2025-02-13 19:00,13.323305862629454
2025-02-13 20:00,10.225088836463842
2025-02-13 21:00,10.76605056779395
2025-02-13 22:00,12.038671857498944
2025-02-13 23:00,10.193700260248782
2025-02-14 00:00,9.309146668297231
2025-02-14 01:00,11.275371097480349
2025-02-14 02:00,12.499126670561372
2025-02-14 03:00,11.529305400368282
2025-02-14 04:00,12.832674529092248
2025-02-14 05:00,9.854197909514035
2025-02-14 06:00,6.7573760882368505
2025-02-14 07:00,7.477486514178928
2025-02-14 08:00,4.978386667664428
2025-02-14 09:00,1.1932247912991936
2025-02-14 10:00,1.6932516911376259
2025-02-14 11:00,2.2210457313845735
2025-02-14 12:00,2.4442526718621154
2025-02-14 13:00,2.145605131066481
2025-02-14 14:00,3.4201713829950604
2025-02-14 15:00,3.3623444150362416
2025-02-14 16:00,1.4594152900800612
2025-02-14 17:00,1.5167360137425232
2025-02-14 18:00,1.4286165351355844
2025-02-14 19:00,1.8218740582736206
2025-02-14 20:00,1.2029207370573056
2025-02-14 21:00,6.826195930023789
2025-02-14 22:00,4.118846343708446
2025-02-14 23:00,9.935243965463577
2025-02-15 00:00,3.693477278920757
2025-02-15 01:00,4.07610957447234
2025-02-15 02:00,2.9164140755533388
2025-02-15 03:00,1.534927522354237
2025-02-15 04:00,1.7961081989249457
2025-02-15 05:00,2.0783888870002523
2025-02-15 06:00,2.192802250887734
2025-02-15 07:00,1.4879450002756287
2025-02-15 08:00,1.7263302122335609
2025-02-15 09:00,1.6810707918138883
2025-02-15 10:00,4.325965685948966
2025-02-15 11:00,3.3958698223518926
2025-02-15 12:00,1.963355768791506
2025-02-15 13:00,2.1721750862508302
2025-02-15 14:00,3.024227530987153
2025-02-15 15:00,2.290994524883291
2025-02-15 16:00,1.4577935537928592
2025-02-15 17:00,0.9150607086126723
2025-02-15 18:00,1.628285695734618
2025-02-15 19:00,2.2844495220889423
2025-02-15 20:00,2.3666457754211434
2025-02-15 21:00,0.6699471654777396
2025-02-15 22:00,3.9066592179593185
2025-02-15 23:00,2.4453247174588
2025-02-16 00:00,3.8739618838029104
2025-02-16 01:00,1.414209617050414
2025-02-16 02:00,2.1968178939794174
2025-02-16 03:00,1.6813764665350455
2025-02-16 04:00,0.996734330098958
2025-02-16 05:00,1.137645755782335
2025-02-16 06:00,1.410035046767475
2025-02-16 07:00,4.428591637222091
2025-02-16 08:00,5.453719292315271
2025-02-16 09:00,1.1863716250637144
2025-02-16 10:00,2.1445482112134067
2025-02-16 11:00,4.077043625094384
2025-02-16 12:00,5.537327787829275
2025-02-16 13:00,8.757998519719123
2025-02-16 14:00,11.17845680737092
2025-02-16 15:00,19.59706196576618
2025-02-16 16:00,26.929325273861902
2025-02-16 17:00,24.222196894296417
2025-02-16 18:00,24.109050770068595
2025-02-16 19:00,37.80112421897728
2025-02-16 20:00,45.33523372623755
2025-02-16 21:00,50.088726104205804
2025-02-16 22:00,50.17663007824765
2025-02-16 23:00,54.8201746905532
2025-02-17 00:00,55.02518689551406
2025-02-17 01:00,55.12130998182719
2025-02-17 02:00,54.47028505009511
2025-02-17 03:00,51.241526941543995
2025-02-17 04:00,49.43867299920549
2025-02-17 05:00,51.362204879838
2025-02-17 06:00,49.9703611366154
2025-02-17 07:00,44.897952801832645
2025-02-17 08:00,46.85778750894884
2025-02-17 09:00,46.138748991587974
2025-02-17 10:00,52.27879659064711
2025-02-17 11:00,50.69048076857699
2025-02-17 12:00,50.17225510365186
2025-02-17 13:00,51.75290250799645
2025-02-17 14:00,50.133361504781824
2025-02-17 15:00,50.901052396043085
2025-02-17 16:00,52.23292287946696
2025-02-17 17:00,53.89507815917059
2025-02-17 18:00,51.00453927715566
2025-02-17 19:00,46.40743425023567
2025-02-17 20:00,48.09213635452062
2025-02-17 21:00,46.95029990353011
2025-02-17 22:00,45.74568687638097
2025-02-17 23:00,47.69667681556231
2025-02-18 00:00,46.737843100276955
2025-02-18 01:00,39.25415168777792
2025-02-18 02:00,41.55519841785147
2025-02-18 03:00,42.76061763250244
2025-02-18 04:00,43.65457745220726
2025-02-18 05:00,42.40742541143842
2025-02-18 06:00,40.89195632405632
2025-02-18 07:00,41.70635366129979
2025-02-18 08:00,44.28948695880143
2025-02-18 09:00,48.57730428985779
2025-02-18 10:00,45.64477257234276
2025-02-18 11:00,48.11332124105893
2025-02-18 12:00,50.76265816313762
2025-02-18 13:00,48.71959789021905
2025-02-18 14:00,47.815994599006416
2025-02-18 15:00,48.76409815884038
2025-02-18 16:00,49.36795727073821
2025-02-18 17:00,52.17897855296039
2025-02-18 18:00,51.04898440296474
2025-02-18 19:00,50.612923492833296
2025-02-18 20:00,50.95645542144356
2025-02-18 21:00,52.744816788747
2025-02-18 22:00,52.36050366527148
2025-02-18 23:00,50.993062906129
2025-02-19 00:00,44.15307893749692
2025-02-19 01:00,47.90141936018635
2025-02-19 02:00,36.81209214536587
2025-02-19 03:00,35.20206973608436
2025-02-19 04:00,40.24861873736997
2025-02-19 05:00,41.04684257137669
2025-02-19 06:00,40.738740313495235
2025-02-19 07:00,41.1403303059587
2025-02-19 08:00,43.415727663130916
2025-02-19 09:00,51.85451437135729
2025-02-19 10:00,49.754058488680116
2025-02-19 11:00,50.98619732037714
2025-02-19 12:00,49.89638253655793
2025-02-19 13:00,49.19695515342891
2025-02-19 14:00,49.22027369883678
2025-02-19 15:00,49.14116857446345
2025-02-19 16:00,50.39530323817616
2025-02-19 17:00,52.993617621018394
2025-02-19 18:00,51.06063107567528
2025-02-19 19:00,47.8164724113051
2025-02-19 20:00,44.39726885363963
2025-02-19 21:00,41.75330803764027
2025-02-19 22:00,35.99202293448373
2025-02-19 23:00,34.697744472821775
2025-02-20 00:00,20.496722886215355
2025-02-20 01:00,17.652072639092964
2025-02-20 02:00,15.405378269861718
2025-02-20 03:00,13.329047368716179
2025-02-20 04:00,11.763263965556835
2025-02-20 05:00,10.119872733490693
2025-02-20 06:00,10.076013616324676
2025-02-20 07:00,7.101456049631058
2025-02-20 08:00,5.024110073420899
2025-02-20 09:00,14.525181619777214
2025-02-20 10:00,24.535002872919588
2025-02-20 11:00,41.79690861522798
2025-02-20 12:00,44.36557346564056
2025-02-20 13:00,48.6124746211795
2025-02-20 14:00,50.09099910043557
2025-02-20 15:00,49.59400794431242
2025-02-20 16:00,50.140696680470796
2025-02-20 17:00,53.88512127916563
2025-02-20 18:00,48.26771972043308
2025-02-20 19:00,49.55477125525792
2025-02-20 20:00,47.51031248466398
2025-02-20 21:00,50.94264119218475
2025-02-20 22:00,51.44810595717512
2025-02-20 23:00,49.93470616396016
2025-02-21 00:00,44.94525827795921
2025-02-21 01:00,40.78939244563021
2025-02-21 02:00,34.43577166789272
2025-02-21 03:00,27.99618850205281
2025-02-21 04:00,29.40869228693619
2025-02-21 05:00,17.033690822627122
2025-02-21 06:00,16.53218514295187
2025-02-21 07:00,18.693835945751243
2025-02-21 08:00,14.379356303434456
2025-02-21 09:00,18.17654286543079
2025-02-21 10:00,23.840513487025564
2025-02-21 11:00,28.489593366877344
2025-02-21 12:00,35.84855243562463
2025-02-21 13:00,40.13487326600598
2025-02-21 14:00,45.79308971724396
2025-02-21 15:00,48.46297675721498
2025-02-21 16:00,47.851813581763054
2025-02-21 17:00,51.220425929148625
2025-02-21 18:00,47.21301835654779
2025-02-21 19:00,45.50952848059973
2025-02-21 20:00,41.911727978998705
2025-02-21 21:00,35.10536227513907
2025-02-21 22:00,30.377562526349067
2025-02-21 23:00,27.20626407433187
2025-02-22 00:00,24.936633919680336
2025-02-22 01:00,17.601156320862394
2025-02-22 02:00,33.5702921885049
2025-02-22 03:00,58.11733547483164
2025-02-22 04:00,52.38170471001633
2025-02-22 05:00,50.44147646024597
2025-02-22 06:00,50.37637736480798
2025-02-22 07:00,48.50533730516756
2025-02-22 08:00,34.0648401251648
2025-02-22 09:00,36.19613048627314
2025-02-22 10:00,34.10554611458569
2025-02-22 11:00,38.96596275094493
2025-02-22 12:00,39.661732348852034
2025-02-22 13:00,43.16740750248048
2025-02-22 14:00,48.05881146546944
2025-02-22 15:00,49.759173012700494
2025-02-22 16:00,47.89937136348756
2025-02-22 17:00,48.078312367933705
2025-02-22 18:00,45.717752036107186
2025-02-22 19:00,44.64214728838938
2025-02-22 20:00,39.785869096715764
2025-02-22 21:00,24.927638923145018
2025-02-22 22:00,32.18102542031701
2025-02-22 23:00,35.10983364495293
2025-02-23 00:00,34.42748917046875
2025-02-23 01:00,28.639710733571107
2025-02-23 02:00,24.854321305620815
2025-02-23 03:00,21.905202920930062
2025-02-23 04:00,12.971978149823121
2025-02-23 05:00,8.432702373079238
2025-02-23 06:00,7.704398836735062
2025-02-23 07:00,28.40695662333291
2025-02-23 08:00,42.9663445332621
2025-02-23 09:00,53.069596023170774
2025-02-23 10:00,52.93570913469645
2025-02-23 11:00,50.69000417689003
2025-02-23 12:00,51.457213164813865
2025-02-23 13:00,52.058989145096504
2025-02-23 14:00,49.76435735027175
2025-02-23 15:00,50.2216326326922
2025-02-23 16:00,49.181739539755895
2025-02-23 17:00,50.22805875421882
2025-02-23 18:00,52.82729729338976
2025-02-23 19:00,53.85284842317331
2025-02-23 20:00,53.53977835665241
2025-02-23 21:00,52.516780898887966
2025-02-23 22:00,51.55573971795298
2025-02-23 23:00,50.10576283199504
2025-02-24 00:00,48.11298002390658
2025-02-24 01:00,48.73727464479906
2025-02-24 02:00,44.78397704884132
2025-02-24 03:00,40.02766144750316
2025-02-24 04:00,32.67803296003477
2025-02-24 05:00,30.130914445975005
2025-02-24 06:00,22.29704042329867
2025-02-24 07:00,9.1936128452236
2025-02-24 08:00,12.848694618289162
2025-02-24 09:00,28.243279575810174
2025-02-24 10:00,27.893443669504915
2025-02-24 11:00,37.884635095834845
2025-02-24 12:00,28.64629740496888
2025-02-24 13:00,28.0359823739605
2025-02-24 14:00,21.266463902459776
2025-02-24 15:00,20.909455637335405
2025-02-24 16:00,25.129408579796205
2025-02-24 17:00,31.35808058986395
2025-02-24 18:00,30.350065011319764
2025-02-24 19:00,17.59129192471414
2025-02-24 20:00,15.002037977831197
2025-02-24 21:00,5.325144449834021
2025-02-24 22:00,3.9306001623943474
2025-02-24 23:00,1.392196223828726
2025-02-25 00:00,1.1113098441679252
2025-02-25 01:00,0.2704837099914301
2025-02-25 02:00,0.5946730230348498
2025-02-25 03:00,0.5466002548121924
2025-02-25 04:00,1.594126701187914
2025-02-25 05:00,1.6950729292746787
2025-02-25 06:00,2.116483330510172
2025-02-25 07:00,6.175949516350764
2025-02-25 08:00,2.2687905972413605
2025-02-25 09:00,1.824133428239629
2025-02-25 10:00,4.672531643563628
2025-02-25 11:00,5.148978736311802
2025-02-25 12:00,2.957667467624618
2025-02-25 13:00,4.36992218020302
2025-02-25 14:00,6.434720388655886
2025-02-25 15:00,5.818170741595905
2025-02-25 16:00,9.908302974317849
2025-02-25 17:00,10.47158932979902
2025-02-25 18:00,17.483602860151876
2025-02-25 19:00,15.381211220504436
2025-02-25 20:00,17.801802182329816
2025-02-25 21:00,22.391574600656455
2025-02-25 22:00,24.264040243976037
2025-02-25 23:00,26.979144245690087
2025-02-26 00:00,22.95399918834213
2025-02-26 01:00,20.652040978357107
2025-02-26 02:00,21.233214795550108
2025-02-26 03:00,17.453656081640197
2025-02-26 04:00,22.816546510416487
2025-02-26 05:00,19.255793597704514
2025-02-26 06:00,18.313180153614802
2025-02-26 07:00,21.066433989018257
2025-02-26 08:00,18.32285378462417
2025-02-26 09:00,18.959818079261694
2025-02-26 10:00,10.200659712992145
2025-02-26 11:00,12.243632975552206
2025-02-26 12:00,13.645282585717169
2025-02-26 13:00,9.271150833481949
2025-02-26 14:00,4.458482743156779
2025-02-26 15:00,5.921264350919451
2025-02-26 16:00,4.242803559021311
2025-02-26 17:00,3.2384049408065647
2025-02-26 18:00,1.3767581054775688
2025-02-26 19:00,0.9935485273948954
2025-02-26 20:00,3.1254813426142314
2025-02-26 21:00,1.5110465498205263
2025-02-26 22:00,4.217586153908609
2025-02-26 23:00,4.324388597441245
2025-02-27 00:00,1.37799354957208
2025-02-27 01:00,1.2125117224571056
2025-02-27 02:00,2.459393649067681
2025-02-27 03:00,1.6970176518026934
2025-02-27 04:00,2.278817421445985
2025-02-27 05:00,2.133896798294744
2025-02-27 06:00,1.9041691736292898
2025-02-27 07:00,1.79279405501232
2025-02-27 08:00,1.7669661517531254
2025-02-27 09:00,2.027528498506206
2025-02-27 10:00,3.0246010824108636
2025-02-27 11:00,1.5168062462368055
2025-02-27 12:00,2.852882648265495
2025-02-27 13:00,1.9563154002945597
2025-02-27 14:00,3.041577286534368
2025-02-27 15:00,3.4743590223603267
2025-02-27 16:00,1.4563558487155595
2025-02-27 17:00,1.0028509456498524
2025-02-27 18:00,0.5408092421642288
2025-02-27 19:00,3.2975764999281014
2025-02-27 20:00,3.7842201871931325
2025-02-27 21:00,5.7816151993578515
2025-02-27 22:00,4.2620490466438525
2025-02-27 23:00,6.161667499486431
2025-02-28 00:00,2.763742171749942
2025-02-28 01:00,2.6243196631353625
2025-02-28 02:00,2.2979839429910056
2025-02-28 03:00,2.9451939590480416
2025-02-28 04:00,2.37439122342699
2025-02-28 05:00,1.795448785838604
2025-02-28 06:00,1.3241637222666318
2025-02-28 07:00,1.1384345799837068
2025-02-28 08:00,1.3306758701760304
2025-02-28 09:00,0.3423726088428529
2025-02-28 10:00,0.3147310274120476
2025-02-28 11:00,0.27211421205063724
2025-02-28 12:00,1.3501978781819588
2025-02-28 13:00,1.1925336574972594
2025-02-28 14:00,2.3874890804402944
2025-02-28 15:00,1.9897883386939395
2025-02-28 16:00,0.9819968439175841
2025-02-28 17:00,1.5632018553645954
2025-02-28 18:00,0.48882522422670394
2025-02-28 19:00,0.46823309891003023
2025-02-28 20:00,0.0
2025-02-28 21:00,0.6780015730924043
2025-02-28 22:00,1.3646255072944897
2025-02-28 23:00,2.380347688652531
2025-03-01 00:00,1.8251386724180163
2025-03-01 01:00,2.5712893580521583
2025-03-01 02:00,5.04802341508001
2025-03-01 03:00,4.442597184029097
2025-03-01 04:00,2.9410034630142934
2025-03-01 05:00,1.0730791005441924
2025-03-01 06:00,1.0739348999501757
2025-03-01 07:00,0.2070823847094515
2025-03-01 08:00,0.03856508458549257
2025-03-01 09:00,0.08665197039435713
2025-03-01 10:00,0.0
2025-03-01 11:00,0.3632397728012998
2025-03-01 12:00,1.1979300687597387
2025-03-01 13:00,4.084424847823554
2025-03-01 14:00,1.1656738640242863
2025-03-01 15:00,5.720300261661325
2025-03-01 16:00,3.7824660930137783
2025-03-01 17:00,3.400287304978793
2025-03-01 18:00,6.659260672512312
2025-03-01 19:00,9.614549447992301
2025-03-01 20:00,20.156800752694224
2025-03-01 21:00,23.93299134507628
2025-03-01 22:00,23.409007882050954
2025-03-01 23:00,16.83965812028648
2025-03-02 00:00,6.6737176906917615
2025-03-02 01:00,6.880825931715631
2025-03-02 02:00,7.479122055261576
2025-03-02 03:00,2.4870528409007084
2025-03-02 04:00,1.6324430663367344
2025-03-02 05:00,2.0945211257442704
2025-03-02 06:00,4.616102916816766
2025-03-02 07:00,6.117091039729484
2025-03-02 08:00,6.079517811384181
2025-03-02 09:00,2.4233069272520398
2025-03-02 10:00,1.427458578576377
2025-03-02 11:00,1.086556669471873
2025-03-02 12:00,3.9313271205122318
2025-03-02 13:00,2.7079361549745897
2025-03-02 14:00,4.533346828958784
2025-03-02 15:00,4.375676991836843
2025-03-02 16:00,6.428018095291794
2025-03-02 17:00,6.413986947382644
2025-03-02 18:00,14.273310069694679
2025-03-02 19:00,26.091966875056723
2025-03-02 20:00,31.715524210904718
2025-03-02 21:00,38.975831600588116
2025-03-02 22:00,45.45804627457347
2025-03-02 23:00,47.049739930894866
2025-03-03 00:00,47.33504490441389
2025-03-03 01:00,47.1823958180137
2025-03-03 02:00,50.152725475592106
2025-03-03 03:00,49.35620313917646
2025-03-03 04:00,53.020304883099186
2025-03-03 05:00,51.83466666817453
2025-03-03 06:00,40.3362041431576
2025-03-03 07:00,45.515846333257116
2025-03-03 08:00,43.33931985584693
2025-03-03 09:00,49.769856858570975
2025-03-03 10:00,44.16537230435448
2025-03-03 11:00,42.044863536323156
2025-03-03 12:00,39.65393709729509
2025-03-03 13:00,38.949778479003086
2025-03-03 14:00,34.3338287954634
2025-03-03 15:00,32.76792095305818
2025-03-03 16:00,32.4246099799689
2025-03-03 17:00,32.48579472475894
2025-03-03 18:00,33.63221569106042
2025-03-03 19:00,34.58709999538399
2025-03-03 20:00,29.240847296628342
2025-03-03 21:00,30.149057388359147
2025-03-03 22:00,28.17830392947484
2025-03-03 23:00,29.39548081141738
2025-03-04 00:00,29.29450100364392
2025-03-04 01:00,30.359905925797733
2025-03-04 02:00,30.85768584896902
2025-03-04 03:00,32.64547972703732
2025-03-04 04:00,37.19675476572933
2025-03-04 05:00,31.830036000690576
2025-03-04 06:00,38.735126753006384
2025-03-04 07:00,31.766364900675356
2025-03-04 08:00,30.099132247076525
2025-03-04 09:00,36.39409140180228
2025-03-04 10:00,34.4473885639829
2025-03-04 11:00,29.873425505135806
2025-03-04 12:00,29.931494477919042
2025-03-04 13:00,32.9093307764664
2025-03-04 14:00,31.40991258051558
2025-03-04 15:00,28.56703882386827
2025-03-04 16:00,30.355667460811546
2025-03-04 17:00,27.23464867704684
2025-03-04 18:00,31.140733016960787
2025-03-04 19:00,32.915492870612354
2025-03-04 20:00,34.14905033124914
2025-03-04 21:00,33.535802670861074
2025-03-04 22:00,20.503991232701345
2025-03-04 23:00,18.80046308555798
2025-03-05 00:00,16.271803044544082
2025-03-05 01:00,10.860270455085697
2025-03-05 02:00,11.924328501470473
2025-03-05 03:00,8.729767772652679
2025-03-05 04:00,9.968823470021247
2025-03-05 05:00,6.991503246337651
2025-03-05 06:00,6.631612170121985
2025-03-05 07:00,6.22599228433964
2025-03-05 08:00,8.336675919420205
2025-03-05 09:00,8.970003958684448
2025-03-05 10:00,5.526338491419746
2025-03-05 11:00,6.039799291126775
2025-03-05 12:00,1.4677739375376726
2025-03-05 13:00,2.0995530651274406
2025-03-05 14:00,9.637993505497407
2025-03-05 15:00,19.670035159937356
2025-03-05 16:00,13.436551546391778
2025-03-05 17:00,17.24174891375358
2025-03-05 18:00,13.829016457066508
2025-03-05 19:00,26.55138276415823
2025-03-05 20:00,19.15260327160115
2025-03-05 21:00,19.42211968596857
2025-03-05 22:00,21.44121457849333
2025-03-05 23:00,22.141777930575813
2025-03-06 00:00,27.724115531608177
2025-03-06 01:00,25.415274743109542
2025-03-06 02:00,26.20930599278013
2025-03-06 03:00,22.253549348746333
2025-03-06 04:00,18.542486214302563
2025-03-06 05:00,15.189692677498158
2025-03-06 06:00,12.366223038815363
2025-03-06 07:00,10.166956657092165
2025-03-06 08:00,4.736947481232159
2025-03-06 09:00,6.702264092272863
2025-03-06 10:00,7.910058676233394
2025-03-06 11:00,16.44481904251399
2025-03-06 12:00,17.70075347953034
2025-03-06 13:00,17.51148213128092
2025-03-06 14:00,24.34986624027244
2025-03-06 15:00,31.729946163008556
2025-03-06 16:00,35.251976601086305
2025-03-06 17:00,38.02585613754522
2025-03-06 18:00,36.28465800897553
2025-03-06 19:00,27.89266742473597
2025-03-06 20:00,15.973101187222497
2025-03-06 21:00,8.290517042236493
2025-03-06 22:00,7.44014639048899
2025-03-06 23:00,4.906120924708956
2025-03-07 00:00,7.335689729635542
2025-03-07 01:00,6.281503616942107
2025-03-07 02:00,5.90911891282614
2025-03-07 03:00,3.0754127390146753
2025-03-07 04:00,3.897432466029567
2025-03-07 05:00,4.984866148849595
2025-03-07 06:00,2.438302350281106
2025-03-07 07:00,1.735340168691732
2025-03-07 08:00,0.7989754828751288
2025-03-07 09:00,0.2539870079290012
2025-03-07 10:00,0.0
2025-03-07 11:00,0.02067278474275923
2025-03-07 12:00,0.0
2025-03-07 13:00,0.05718444481448959
2025-03-07 14:00,0.802443364315962
2025-03-07 15:00,2.4328783718397498
2025-03-07 16:00,5.153389206471432
2025-03-07 17:00,5.01017476855912
2025-03-07 18:00,4.478692908993649
2025-03-07 19:00,4.6106000213270875
2025-03-07 20:00,2.6716546974547164
2025-03-07 21:00,2.1680069252741454
2025-03-07 22:00,0.5475122901626812
2025-03-07 23:00,0.05735004285389267
2025-03-08 00:00,0.357839040646285
2025-03-08 01:00,0.6116634356892128
2025-03-08 02:00,0.8513823945108976
2025-03-08 03:00,0.04499214319798628
2025-03-08 04:00,0.23127298834059062
2025-03-08 05:00,3.1387161947797986
2025-03-08 06:00,4.136672415389221
2025-03-08 07:00,1.711320634929831
2025-03-08 08:00,0.40060811502918936
2025-03-08 09:00,2.13678897295139
2025-03-08 10:00,0.44500916758076836
2025-03-08 11:00,0.12061442516014231
2025-03-08 12:00,0.23900899938990125
2025-03-08 13:00,0.21700126148015428
2025-03-08 14:00,0.3488842966400163
2025-03-08 15:00,2.3072241195409484
2025-03-08 16:00,2.553091231808783
2025-03-08 17:00,4.536794754097917
2025-03-08 18:00,2.2026578320969383
2025-03-08 19:00,0.6030454640318001
2025-03-08 20:00,0.5043655790744598
2025-03-08 21:00,1.1630186998460252
2025-03-08 22:00,1.9125817459232857
2025-03-08 23:00,1.7592062082153133
2025-03-09 00:00,1.7228135946733985
2025-03-09 01:00,2.640270574335527
2025-03-09 02:00,2.15110009592784
2025-03-09 03:00,2.349025505341583
2025-03-09 04:00,1.9659984224364417
2025-03-09 05:00,1.9011967282898636
2025-03-09 06:00,2.7806234326257995
2025-03-09 07:00,1.2481628397279358
2025-03-09 08:00,0.23913487522073806
2025-03-09 09:00,0.004565398125985396
2025-03-09 10:00,0.32817677605583867
2025-03-09 11:00,0.9920603825281521
2025-03-09 12:00,2.7108288573641115
2025-03-09 13:00,3.227351137587339
2025-03-09 14:00,4.343187153417154
2025-03-09 15:00,5.07479747589865
2025-03-09 16:00,5.262927623502753
2025-03-09 17:00,7.133800414271026
2025-03-09 18:00,6.426653369975487
2025-03-09 19:00,6.033846555128363
2025-03-09 20:00,5.448360968298874
2025-03-09 21:00,3.9287570726920977
2025-03-09 22:00,5.203227867585438
2025-03-09 23:00,5.93850030365938
2025-03-10 00:00,1.30073902067122
2025-03-10 01:00,1.526495608924691
2025-03-10 02:00,1.4630031998139728
2025-03-10 03:00,2.0544344409940014
2025-03-10 04:00,1.577643320064401
2025-03-10 05:00,3.5371161490060334
2025-03-10 06:00,3.0404025409589837
2025-03-10 07:00,3.9679326931908054
2025-03-10 08:00,2.9657579140108723
2025-03-10 09:00,1.6185844811590278
2025-03-10 10:00,6.4262034193263595
2025-03-10 11:00,7.830105947100269
2025-03-10 12:00,4.89055162123546
2025-03-10 13:00,3.5352847451190708
2025-03-10 14:00,4.028497461167262
2025-03-10 15:00,3.537036358894994
2025-03-10 16:00,2.1127785961297274
2025-03-10 17:00,1.087063504602329
2025-03-10 18:00,0.4943104835210228
2025-03-10 19:00,0.0
2025-03-10 20:00,0.7098594134859852
2025-03-10 21:00,0.3246704953893955
2025-03-10 22:00,0.9229762416589388
2025-03-10 23:00,0.1795498919215267
2025-03-11 00:00,0.8623545702913565
2025-03-11 01:00,0.6677492282817119
2025-03-11 02:00,2.221186738648821
2025-03-11 03:00,1.8024902838818602
2025-03-11 04:00,3.79603092574262
2025-03-11 05:00,4.335876132278055
2025-03-11 06:00,9.363989644228326
2025-03-11 07:00,5.069863079839861
2025-03-11 08:00,3.302028908267591
2025-03-11 09:00,1.8431240723897182
2025-03-11 10:00,0.7276059570867013
2025-03-11 11:00,0.8200905558874335
2025-03-11 12:00,0.24777608746703372
2025-03-11 13:00,0.042687005706125415
2025-03-11 14:00,0.13232163013757767
2025-03-11 15:00,0.14855126842334315
2025-03-11 16:00,0.566487187746526
2025-03-11 17:00,0.45213128649518675
2025-03-11 18:00,0.7277277881212614
2025-03-11 19:00,2.4364917772831025
2025-03-11 20:00,4.890844259110471
2025-03-11 21:00,4.76496018802661
2025-03-11 22:00,2.016906823858585
2025-03-11 23:00,1.9944515652872203
2025-03-12 00:00,1.4911227921609456
2025-03-12 01:00,0.5136344317195269
2025-03-12 02:00,4.546979320038404
2025-03-12 03:00,1.4844774387875002
2025-03-12 04:00,4.7484965442695355
2025-03-12 05:00,4.333662463471013
2025-03-12 06:00,7.797524702504966
2025-03-12 07:00,1.6305505483489395
2025-03-12 08:00,1.4076544230289294
2025-03-12 09:00,0.7828953574108061
2025-03-12 10:00,1.3244942047831403
2025-03-12 11:00,1.3536424265758829
2025-03-12 12:00,2.7910745395259497
2025-03-12 13:00,5.797237243915236
2025-03-12 14:00,6.02263256224392
2025-03-12 15:00,5.732309658122114
2025-03-12 16:00,4.212070839258524
2025-03-12 17:00,7.265771276522984
2025-03-12 18:00,2.6997524468214618
2025-03-12 19:00,3.910142710541948
2025-03-12 20:00,5.18160007344868
2025-03-12 21:00,5.5173397847028305
2025-03-12 22:00,5.75486381699092
2025-03-12 23:00,6.332488866923536
2025-03-13 00:00,9.63781480775166
2025-03-13 01:00,8.750475799928509
2025-03-13 02:00,9.921282581452395
2025-03-13 03:00,10.075683258648311
2025-03-13 04:00,9.517859538524636
2025-03-13 05:00,10.598549875727546
2025-03-13 06:00,14.173149293376488
2025-03-13 07:00,13.055446095556889
2025-03-13 08:00,12.457561275963169
2025-03-13 09:00,12.78723169308294
2025-03-13 10:00,28.56205164674835
2025-03-13 11:00,32.63080247646938
2025-03-13 12:00,23.289611147231955
2025-03-13 13:00,36.085343352698374
2025-03-13 14:00,36.166114377312624
2025-03-13 15:00,40.83665208183738
2025-03-13 16:00,39.27609279629772
2025-03-13 17:00,37.71896300175803
2025-03-13 18:00,27.065935446525817
2025-03-13 19:00,27.935525042046294
2025-03-13 20:00,16.87547284678886
2025-03-13 21:00,17.72347691503917
2025-03-13 22:00,16.010131995224754
2025-03-13 23:00,12.32300112973991
2025-03-14 00:00,8.250671161827519
2025-03-14 01:00,7.100071768545676
2025-03-14 02:00,6.829572740109388
2025-03-14 03:00,13.454261080161903
2025-03-14 04:00,8.537372252154261
2025-03-14 05:00,10.921525579448518
2025-03-14 06:00,10.680955871923329
2025-03-14 07:00,13.33610781044182
2025-03-14 08:00,14.549767382085276
2025-03-14 09:00,12.778217197506406
2025-03-14 10:00,12.925383850840067
2025-03-14 11:00,14.638688056685446
2025-03-14 12:00,13.748106371114956
2025-03-14 13:00,12.58794820363993
2025-03-14 14:00,11.087101906380862
2025-03-14 15:00,8.01685719733306
2025-03-14 16:00,7.583066542891451
2025-03-14 17:00,11.381524390362504
2025-03-14 18:00,9.313651636877598
2025-03-14 19:00,9.717671544187949
2025-03-14 20:00,7.111474018390154
2025-03-14 21:00,0.9949988110391482
2025-03-14 22:00,5.376136473824138
2025-03-14 23:00,4.950404939416769
2025-03-15 00:00,11.866686572391421
2025-03-15 01:00,6.137378169963404
2025-03-15 02:00,6.123450407060118
2025-03-15 03:00,6.38242839869595
2025-03-15 04:00,8.100193346525081
2025-03-15 05:00,3.230048389732231
2025-03-15 06:00,5.1513334553170935
2025-03-15 07:00,6.959715519173364
2025-03-15 08:00,20.77855903444971
2025-03-15 09:00,27.625931481276538
2025-03-15 10:00,22.14677075696262
2025-03-15 11:00,20.507641320446634
2025-03-15 12:00,21.871563724625634
2025-03-15 13:00,14.778435355156542
2025-03-15 14:00,11.667895492066197
2025-03-15 15:00,10.40006968544775
2025-03-15 16:00,16.64944149532028
2025-03-15 17:00,14.97731528636302
2025-03-15 18:00,12.882752641208963
2025-03-15 19:00,11.519235775903269
2025-03-15 20:00,8.945328068205884
2025-03-15 21:00,9.175336942643536
2025-03-15 22:00,5.628119775303238
2025-03-15 23:00,6.495474990244334
2025-03-16 00:00,8.086934645235273
2025-03-16 01:00,5.9276300726881805
2025-03-16 02:00,5.44571050391765
2025-03-16 03:00,7.1765189603523964
2025-03-16 04:00,7.290870171434826
2025-03-16 05:00,3.6583741061096675
2025-03-16 06:00,2.78862060305636
2025-03-16 07:00,1.3685396302681427
2025-03-16 08:00,2.6956402077045003
2025-03-16 09:00,9.044865459386724
2025-03-16 10:00,21.1781731851512
2025-03-16 11:00,29.489704350540553
2025-03-16 12:00,33.99671518556179
2025-03-16 13:00,48.84815929519087
2025-03-16 14:00,53.43244130075551
2025-03-16 15:00,56.56577349346851
2025-03-16 16:00,55.2553371213071
2025-03-16 17:00,58.33005900652868
2025-03-16 18:00,58.58205421994943
2025-03-16 19:00,59.152166414450846
2025-03-16 20:00,59.92685106661189
2025-03-16 21:00,61.139423037018176
2025-03-16 22:00,56.852674326498814
2025-03-16 23:00,56.380804597200154
2025-03-17 00:00,60.905687716357626
2025-03-17 01:00,56.177786172434764
2025-03-17 02:00,55.151388533371296
2025-03-17 03:00,54.353757720520576
2025-03-17 04:00,56.20503339454528
2025-03-17 05:00,56.33785542235947
2025-03-17 06:00,51.9748455832383
2025-03-17 07:00,48.74025511828741
2025-03-17 08:00,47.97451152692235
2025-03-17 09:00,46.044676578921795
2025-03-17 10:00,41.06034187271739
2025-03-17 11:00,29.508274897416207
2025-03-17 12:00,21.369870690289705
2025-03-17 13:00,19.064754855318675
2025-03-17 14:00,16.221260227460977
2025-03-17 15:00,15.428082307839194
2025-03-17 16:00,13.626286639451273
2025-03-17 17:00,11.067618168599788
2025-03-17 18:00,5.354386652493535
2025-03-17 19:00,4.090992346773964
2025-03-17 20:00,6.319541665451791
2025-03-17 21:00,9.217764470736915
2025-03-17 22:00,13.28500798410395
2025-03-17 23:00,31.72378204725126
2025-03-18 00:00,31.536977156117636
2025-03-18 01:00,31.405114006593962
2025-03-18 02:00,34.55446111754133
2025-03-18 03:00,38.62743146482642
2025-03-18 04:00,51.9867441344189
2025-03-18 05:00,48.50123118831685
2025-03-18 06:00,57.32598826431126
2025-03-18 07:00,57.53421226570498
2025-03-18 08:00,56.34624171307379
2025-03-18 09:00,57.77941769133791
2025-03-18 10:00,57.50152699742535
2025-03-18 11:00,55.470276103471825
2025-03-18 12:00,58.664749533688315
2025-03-18 13:00,57.91310233172545
2025-03-18 14:00,58.65609029485112
2025-03-18 15:00,56.12801532381298
2025-03-18 16:00,55.012637945099556
2025-03-18 17:00,52.78184217899959
2025-03-18 18:00,52.43316280650923
2025-03-18 19:00,55.010806886561916
2025-03-18 20:00,52.909241028647685
2025-03-18 21:00,52.19490296985344
2025-03-18 22:00,48.56461100545642
2025-03-18 23:00,47.64093707758972
2025-03-19 00:00,38.953211421552645
2025-03-19 01:00,33.97208508251088
2025-03-19 02:00,24.20417829073751
2025-03-19 03:00,25.47235486030532
2025-03-19 04:00,25.0266485354729
2025-03-19 05:00,11.54398462762134
2025-03-19 06:00,9.955964686907116
2025-03-19 07:00,11.061520601501673
2025-03-19 08:00,9.327984438617772
2025-03-19 09:00,14.360916517737943
2025-03-19 10:00,12.067052611134137
2025-03-19 11:00,14.659510959875265
2025-03-19 12:00,11.116037673275734
2025-03-19 13:00,11.46902639910819
2025-03-19 14:00,10.940980930349898
2025-03-19 15:00,9.165020244239841
2025-03-19 16:00,8.991522916057491
2025-03-19 17:00,8.846196529053923
2025-03-19 18:00,5.592714094567436
2025-03-19 19:00,4.041202919932605
2025-03-19 20:00,4.944833953889226
2025-03-19 21:00,5.39757933899549
2025-03-19 22:00,8.446633275071393
2025-03-19 23:00,6.680466397588637
2025-03-20 00:00,9.636417811393713
2025-03-20 01:00,11.6237776711221
2025-03-20 02:00,19.460932847300068
2025-03-20 03:00,24.824986746060834
2025-03-20 04:00,30.614499587100074
2025-03-20 05:00,31.16511477860314
2025-03-20 06:00,35.88823513125107
2025-03-20 07:00,35.29735858907527
2025-03-20 08:00,36.307674153269424
2025-03-20 09:00,39.170871510266714
2025-03-20 10:00,34.327704733889874
2025-03-20 11:00,22.542641223107694
2025-03-20 12:00,14.55721563645968
2025-03-20 13:00,16.695861150262168
2025-03-20 14:00,16.462889279808476
2025-03-20 15:00,16.907778434880747
2025-03-20 16:00,18.261459538836668
2025-03-20 17:00,21.733586003520923
2025-03-20 18:00,33.74465411736966
2025-03-20 19:00,39.97503313200562
2025-03-20 20:00,42.33084765203756
2025-03-20 21:00,42.11818493233109
2025-03-20 22:00,38.7662737516696
2025-03-20 23:00,41.994682963583394
2025-03-21 00:00,38.08288250567986
2025-03-21 01:00,40.37601987708321
2025-03-21 02:00,39.66800457147037
2025-03-21 03:00,36.236845619453156
2025-03-21 04:00,33.497186139200636
2025-03-21 05:00,35.89252048770473
2025-03-21 06:00,40.76069273494923
2025-03-21 07:00,38.08524036240971
2025-03-21 08:00,36.66381867088344
2025-03-21 09:00,36.30972572473313
2025-03-21 10:00,26.36247397644182
2025-03-21 11:00,17.93298238852221
2025-03-21 12:00,12.897589683638358
2025-03-21 13:00,11.347413840115777
2025-03-21 14:00,11.287104441882057
2025-03-21 15:00,10.438087703018398
2025-03-21 16:00,11.307782113294367
2025-03-21 17:00,8.517245503371324
2025-03-21 18:00,6.764943038535474
2025-03-21 19:00,5.209365185861787
2025-03-21 20:00,6.417806326902748
2025-03-21 21:00,10.709670214892505
2025-03-21 22:00,12.768544628710977
2025-03-21 23:00,15.539438752628017
2025-03-22 00:00,33.797053850697395
2025-03-22 01:00,33.125298703373645
2025-03-22 02:00,33.892568884851656
2025-03-22 03:00,35.69968408085492
2025-03-22 04:00,39.463565642178736
2025-03-22 05:00,38.41681770292436
2025-03-22 06:00,40.678683956149484
2025-03-22 07:00,38.16587267175609
2025-03-22 08:00,33.299673070647856
2025-03-22 09:00,35.18852568633537
2025-03-22 10:00,21.21990099670618
2025-03-22 11:00,16.189095580617927
2025-03-22 12:00,23.327778338387663
2025-03-22 13:00,15.706276720141977
2025-03-22 14:00,12.393966387424781
2025-03-22 15:00,13.120703778828958
2025-03-22 16:00,14.807141221116465
2025-03-22 17:00,24.20305059642843
2025-03-22 18:00,20.361493943193913
2025-03-22 19:00,27.904881210517004
2025-03-22 20:00,28.278246617815586
2025-03-22 21:00,25.701756614996434
2025-03-22 22:00,25.159618633358548
2025-03-22 23:00,28.26207589816923
2025-03-23 00:00,27.285768670430784
2025-03-23 01:00,30.822603506683453
2025-03-23 02:00,37.64348498706878
2025-03-23 03:00,30.21944078024398
2025-03-23 04:00,25.19974183915633
2025-03-23 05:00,26.582485562995156
2025-03-23 06:00,20.292507665668136
2025-03-23 07:00,14.894757075407423
2025-03-23 08:00,18.090230299190413
2025-03-23 09:00,21.24946318261976
2025-03-23 10:00,20.089960975641077
2025-03-23 11:00,18.277971444715416
2025-03-23 12:00,20.195023983684173
2025-03-23 13:00,22.902729616109337
2025-03-23 14:00,25.318507506497042
2025-03-23 15:00,30.563537965270086
2025-03-23 16:00,34.429725523759515
2025-03-23 17:00,27.434100168788362
2025-03-23 18:00,24.53685384965316
2025-03-23 19:00,26.411508901622074
2025-03-23 20:00,15.137023683775517
2025-03-23 21:00,7.773681945118118
2025-03-23 22:00,8.76848174752394
2025-03-23 23:00,12.435424990548102
2025-03-24 00:00,13.898786620233253
2025-03-24 01:00,10.588004475310802
2025-03-24 02:00,32.771056898073375
2025-03-24 03:00,37.97468827682357
2025-03-24 04:00,41.71888600656847
2025-03-24 05:00,40.76588121715478
2025-03-24 06:00,48.540734959208415
2025-03-24 07:00,42.83008432807012
2025-03-24 08:00,43.2989044574165
2025-03-24 09:00,45.56692078234168
2025-03-24 10:00,48.694184416944964
2025-03-24 11:00,48.52524800808528
2025-03-24 12:00,50.11617653341323
2025-03-24 13:00,48.440977314901275
2025-03-24 14:00,47.10983766176789
2025-03-24 15:00,45.511845726309396
2025-03-24 16:00,46.56871596039592
2025-03-24 17:00,43.980110004119844
2025-03-24 18:00,45.43174639148379
2025-03-24 19:00,45.09833201772452
2025-03-24 20:00,43.67955992793203
2025-03-24 21:00,39.43060214876583
2025-03-24 22:00,36.31244552561678
2025-03-24 23:00,28.528298591906463
2025-03-25 00:00,25.167693616933136
2025-03-25 01:00,29.245444747711673
2025-03-25 02:00,26.49348851860827
2025-03-25 03:00,13.998320998832769
2025-03-25 04:00,10.188834755573897
2025-03-25 05:00,9.806756239123153
2025-03-25 06:00,10.566854252384372
2025-03-25 07:00,15.435462123080342
2025-03-25 08:00,18.5304816620949
2025-03-25 09:00,21.888324859634768
2025-03-25 10:00,32.430325103035386
2025-03-25 11:00,44.10862728403078
2025-03-25 12:00,44.4041192850387
2025-03-25 13:00,49.797831871577955
2025-03-25 14:00,49.213349463768786
2025-03-25 15:00,45.018195583979235
2025-03-25 16:00,40.72300880071
2025-03-25 17:00,34.770274879951046
2025-03-25 18:00,21.05302659467376
2025-03-25 19:00,19.34406713240564
2025-03-25 20:00,12.198314599539508
2025-03-25 21:00,5.797509860019787
2025-03-25 22:00,6.489499496351742
2025-03-25 23:00,7.147881857402718
2025-03-26 00:00,7.333740787861451
2025-03-26 01:00,3.951536617131969
2025-03-26 02:00,6.41772651482889
2025-03-26 03:00,7.222836313453104
2025-03-26 04:00,2.8169535853776124
2025-03-26 05:00,3.895902281922954
2025-03-26 06:00,3.772966366036071
2025-03-26 07:00,3.4641488930583293
2025-03-26 08:00,1.3853828797346368
2025-03-26 09:00,0.5828421798106532
2025-03-26 10:00,2.1845455486605827
2025-03-26 11:00,2.865695724879105
2025-03-26 12:00,2.428185783807269
2025-03-26 13:00,6.390286471525954
2025-03-26 14:00,7.5872692524217555
2025-03-26 15:00,7.542077071124784
2025-03-26 16:00,8.154953187171937
2025-03-26 17:00,10.146093251557222
2025-03-26 18:00,22.584796207831097
2025-03-26 19:00,30.904124859734978
2025-03-26 20:00,41.97668215551493
2025-03-26 21:00,42.6645804210421
2025-03-26 22:00,50.21974256322012
2025-03-26 23:00,52.69899400031768
2025-03-27 00:00,54.108934938145914
2025-03-27 01:00,53.85800165718451
2025-03-27 02:00,53.8887033256382
2025-03-27 03:00,53.01697674546294
2025-03-27 04:00,52.034357656590494
2025-03-27 05:00,44.57886038343899
2025-03-27 06:00,46.80331913126557
2025-03-27 07:00,43.95972801123561
2025-03-27 08:00,44.330349333906426
2025-03-27 09:00,41.6794263272333
2025-03-27 10:00,38.209538092333986
2025-03-27 11:00,30.23363446776678
2025-03-27 12:00,21.822436445837432
2025-03-27 13:00,16.388145508359543
2025-03-27 14:00,19.994625851491893
2025-03-27 15:00,28.718520386812962
2025-03-27 16:00,25.15663646679746
2025-03-27 17:00,40.12854900615918
2025-03-27 18:00,49.337602110883054
2025-03-27 19:00,46.35019879237581
2025-03-27 20:00,36.81696016645933
2025-03-27 21:00,43.525577116547254
2025-03-27 22:00,40.23009718105015
2025-03-27 23:00,48.57121318627226
2025-03-28 00:00,47.82392727224409
2025-03-28 01:00,50.32930287837298
2025-03-28 02:00,49.810247346091714
2025-03-28 03:00,48.591036082852426
2025-03-28 04:00,48.26505962113934
2025-03-28 05:00,47.74549155030332
2025-03-28 06:00,49.285284714508734
2025-03-28 07:00,45.38798679540266
2025-03-28 08:00,51.12098567408429
2025-03-28 09:00,49.574788656713466
2025-03-28 10:00,52.69225132303523
2025-03-28 11:00,53.13414429542747
2025-03-28 12:00,51.719558842119014
2025-03-28 13:00,49.994882144964876
2025-03-28 14:00,49.22121072676821
2025-03-28 15:00,49.46686601401399
2025-03-28 16:00,49.56084064158372
2025-03-28 17:00,49.97801756249998
2025-03-28 18:00,50.60321429090855
2025-03-28 19:00,51.38589298801168
2025-03-28 20:00,52.76183456514659
2025-03-28 21:00,55.09209560677712
2025-03-28 22:00,48.81265277810009
2025-03-28 23:00,38.87246791974235
2025-03-29 00:00,15.703898976139387
2025-03-29 01:00,16.252694756128655
2025-03-29 02:00,12.760179869380186
2025-03-29 03:00,13.115918782760547
2025-03-29 04:00,13.273009240679032
2025-03-29 05:00,13.4948976269334
2025-03-29 06:00,10.891241477301673
2025-03-29 07:00,8.69979876869573
2025-03-29 08:00,6.763524943276625
2025-03-29 09:00,4.685666350046276
2025-03-29 10:00,3.605631827433635
2025-03-29 11:00,5.925605287314122
2025-03-29 12:00,12.318152216332024
2025-03-29 13:00,23.821886858243936
2025-03-29 14:00,44.97878581730412
2025-03-29 15:00,47.07393878293479
2025-03-29 16:00,51.97425570405099
2025-03-29 17:00,50.45889184232929
2025-03-29 18:00,48.33594378748066
2025-03-29 19:00,49.385862984685566
2025-03-29 20:00,49.59115162215993
2025-03-29 21:00,40.56726327401324
2025-03-29 22:00,30.083355918299674
2025-03-29 23:00,23.715483711720303
2025-03-30 00:00,12.948227619798834
2025-03-30 01:00,9.459403468204618
2025-03-30 02:00,8.229113929100818
2025-03-30 03:00,7.391385360857862
2025-03-30 04:00,5.431241152861271
2025-03-30 05:00,6.784987939627613
2025-03-30 06:00,14.513775950398387
2025-03-30 07:00,15.967321932911794
2025-03-30 08:00,21.72428176204805
2025-03-30 09:00,21.875098593806467
2025-03-30 10:00,16.916883406179476
2025-03-30 11:00,17.186647340468916
2025-03-30 12:00,8.209747155947124
2025-03-30 13:00,7.954858496340682
2025-03-30 14:00,8.368796412516314
2025-03-30 15:00,12.656306986271812
2025-03-30 16:00,12.167688568642317
2025-03-30 17:00,12.170296071520003
2025-03-30 18:00,7.242887933586747
2025-03-30 19:00,7.018447614703633
2025-03-30 20:00,7.786052104829713
2025-03-30 21:00,5.120907517212165
2025-03-30 22:00,7.0949617478855265
2025-03-30 23:00,9.847160615462915
2025-03-31 00:00,4.232191763715874
2025-03-31 01:00,3.1911628626666664
2025-03-31 02:00,4.879979409397622
2025-03-31 03:00,4.854483441511673
2025-03-31 04:00,8.869789842630937
2025-03-31 05:00,10.451585663653805
2025-03-31 06:00,4.423295894166422
2025-03-31 07:00,5.769016479483462
2025-03-31 08:00,5.645602276278069
2025-03-31 09:00,5.11697019293145
2025-03-31 10:00,2.8959270363597596
2025-03-31 11:00,2.097756113541888
2025-03-31 12:00,2.3402823121741636
2025-03-31 13:00,2.392354785649479
2025-03-31 14:00,3.6585524907735705
2025-03-31 15:00,4.441119359214961
2025-03-31 16:00,4.358605290385605
2025-03-31 17:00,3.997288423840942
2025-03-31 18:00,2.9282532656069002
2025-03-31 19:00,2.410539576474502
2025-03-31 20:00,0.5592162035100556
2025-03-31 21:00,2.067078199736796
2025-03-31 22:00,2.2762258147874994
2025-03-31 23:00,1.8248111364584059
2025-04-01 00:00,0.6793263521083226
2025-04-01 01:00,0.6052013547474702
2025-04-01 02:00,2.237922179488514
2025-04-01 03:00,1.3661750709438358
2025-04-01 04:00,1.8841225539840671
2025-04-01 05:00,1.7033942144481649
2025-04-01 06:00,1.850108957992206
2025-04-01 07:00,1.8859379093903075
2025-04-01 08:00,0.4718162882771512
2025-04-01 09:00,0.203570926235848
2025-04-01 10:00,0.968149723265845
2025-04-01 11:00,1.7903663419290279
2025-04-01 12:00,2.9347726942387276
2025-04-01 13:00,3.900202736859897
2025-04-01 14:00,4.0571110639116625
2025-04-01 15:00,6.167806202565024
2025-04-01 16:00,5.822060222654736
2025-04-01 17:00,5.268623258194939
2025-04-01 18:00,5.305021884507245
2025-04-01 19:00,6.33100746214205
2025-04-01 20:00,4.1442752452162255
2025-04-01 21:00,1.3611136054489092
2025-04-01 22:00,0.0
2025-04-01 23:00,0.36587119602949136
2025-04-02 00:00,0.08937798064478014
2025-04-02 01:00,0.5611766655101649
2025-04-02 02:00,0.5846325078420425
2025-04-02 03:00,0.8730611407821568
2025-04-02 04:00,1.512520161123906
2025-04-02 05:00,2.2053391253287753
2025-04-02 06:00,2.2875688863867127
2025-04-02 07:00,2.0797930476407136
2025-04-02 08:00,0.43668699386712134
2025-04-02 09:00,1.7757749755582104
2025-04-02 10:00,1.805390108651467
2025-04-02 11:00,3.9648000265012255
2025-04-02 12:00,3.025364918649046
2025-04-02 13:00,5.367652387118355
2025-04-02 14:00,6.974184207807269
2025-04-02 15:00,8.013545269640808
2025-04-02 16:00,11.556260853682192
2025-04-02 17:00,14.146439846222348
2025-04-02 18:00,9.472205491202036
2025-04-02 19:00,16.26001836406661
2025-04-02 20:00,13.13404560821387
2025-04-02 21:00,10.640124883232703
2025-04-02 22:00,9.204062587453627
2025-04-02 23:00,9.277996494771697
2025-04-03 00:00,3.9897336764818085
2025-04-03 01:00,4.620709960029031
2025-04-03 02:00,3.155496203934426
2025-04-03 03:00,4.752619971968274
2025-04-03 04:00,3.4553679518235576
2025-04-03 05:00,4.302609838948151
2025-04-03 06:00,7.268697805195926
2025-04-03 07:00,6.48367925166902
2025-04-03 08:00,3.122943177383839
2025-04-03 09:00,1.1919500195006556
2025-04-03 10:00,0.9335528273019815
2025-04-03 11:00,0.6618792960022771
2025-04-03 12:00,1.3419034933516725
2025-04-03 13:00,4.2369258271952095
2025-04-03 14:00,7.570864295740302
2025-04-03 15:00,9.48560820909758
2025-04-03 16:00,8.506719091822085
2025-04-03 17:00,15.04835161166829
2025-04-03 18:00,17.539206106070043
2025-04-03 19:00,8.883662291596137
2025-04-03 20:00,6.780403314458866
2025-04-03 21:00,4.170737958096749
2025-04-03 22:00,2.7570356335062893
2025-04-03 23:00,1.1512123736393085
2025-04-04 00:00,0.03494922838023022
2025-04-04 01:00,0.9119910513069172
2025-04-04 02:00,1.3322474005774017
2025-04-04 03:00,1.398787306348403
2025-04-04 04:00,0.03380851410790875
2025-04-04 05:00,0.7133751128309551
2025-04-04 06:00,1.5588626615501537
2025-04-04 07:00,0.5214029881925342
2025-04-04 08:00,0.06253690915389222
2025-04-04 09:00,0.016936457796344558
2025-04-04 10:00,0.40290369638762796
2025-04-04 11:00,3.53035477197062
2025-04-04 12:00,1.8469850033073838
2025-04-04 13:00,4.6821265160031915
2025-04-04 14:00,6.075506714136335
2025-04-04 15:00,5.672932232606717
2025-04-04 16:00,5.68606956492208
2025-04-04 17:00,3.3732867978418954
2025-04-04 18:00,3.5392784090367093
2025-04-04 19:00,4.584239077391263
2025-04-04 20:00,3.647420593728663
2025-04-04 21:00,1.7431651516005555
2025-04-04 22:00,1.5216226840593579
2025-04-04 23:00,0.6712049335495174
2025-04-05 00:00,1.067645143203551
2025-04-05 01:00,0.8823887072404522
2025-04-05 02:00,3.121978705882094
2025-04-05 03:00,4.455092482142228
2025-04-05 04:00,0.5140345351570342
2025-04-05 05:00,2.6786670781367876
2025-04-05 06:00,8.164490860374812
2025-04-05 07:00,19.013146291330692
2025-04-05 08:00,39.77513628188875
2025-04-05 09:00,36.784166248436286
2025-04-05 10:00,41.821124818931544
2025-04-05 11:00,39.76047506122665
2025-04-05 12:00,44.85174418751965
2025-04-05 13:00,48.560686029264936
2025-04-05 14:00,43.21523311754242
2025-04-05 15:00,35.89868848084261
2025-04-05 16:00,32.75468307662524
2025-04-05 17:00,30.721840189043835
2025-04-05 18:00,25.179803264660762
2025-04-05 19:00,25.31341763710595
2025-04-05 20:00,14.517708148330167
2025-04-05 21:00,4.9447169129531785
2025-04-05 22:00,3.952122220968935
2025-04-05 23:00,4.225772820721249
2025-04-06 00:00,9.847062513869975
2025-04-06 01:00,13.807203402988616
2025-04-06 02:00,9.923520041455488
2025-04-06 03:00,5.540118030305517
2025-04-06 04:00,3.3578353671457033
2025-04-06 05:00,3.7411262753606103
2025-04-06 06:00,4.314427076876179
2025-04-06 07:00,3.883394450781397
2025-04-06 08:00,4.399742068649607
2025-04-06 09:00,6.799327006905872
2025-04-06 10:00,7.2535174553042765
2025-04-06 11:00,6.758713587932749
2025-04-06 12:00,7.246889310871514
2025-04-06 13:00,7.057288408250732
2025-04-06 14:00,10.228027793202871
2025-04-06 15:00,11.167217180901343
2025-04-06 16:00,10.263732857880104
2025-04-06 17:00,11.056160270056118
2025-04-06 18:00,10.162199923553665
2025-04-06 19:00,7.633982983157862
2025-04-06 20:00,7.757035129304425
2025-04-06 21:00,9.186111139724597
2025-04-06 22:00,6.8319270000520085
2025-04-06 23:00,6.10485547838085
2025-04-07 00:00,4.136692065683803
2025-04-07 01:00,2.907844211420075
2025-04-07 02:00,3.9496265734725644
2025-04-07 03:00,3.1503916004581622
2025-04-07 04:00,4.238999006324037
2025-04-07 05:00,6.141410874913885
2025-04-07 06:00,8.372793709758467
2025-04-07 07:00,5.916215306658171
2025-04-07 08:00,6.228773257198134
2025-04-07 09:00,14.457867031901792
2025-04-07 10:00,28.62724912935724
2025-04-07 11:00,27.367362803584754
2025-04-07 12:00,39.106680104090714
2025-04-07 13:00,40.07851745673948
2025-04-07 14:00,42.530707390591644
2025-04-07 15:00,44.26714893228266
2025-04-07 16:00,45.165426257186205
2025-04-07 17:00,45.131643180882804
2025-04-07 18:00,41.280337276559344
2025-04-07 19:00,41.11383578661162
2025-04-07 20:00,42.82044308214587
2025-04-07 21:00,44.32483627218423
2025-04-07 22:00,44.076043177882504
2025-04-07 23:00,44.25504967426297
2025-04-08 00:00,47.5922365073704
2025-04-08 01:00,48.05799936554016
2025-04-08 02:00,42.82382282125437
2025-04-08 03:00,39.91643839519746
2025-04-08 04:00,37.45714139416383
2025-04-08 05:00,36.88155728609213
2025-04-08 06:00,38.450280691850246
2025-04-08 07:00,37.55190442120503
2025-04-08 08:00,30.094526071957535
2025-04-08 09:00,26.218294326387948
2025-04-08 10:00,14.130739008978399
2025-04-08 11:00,9.893451146246639
2025-04-08 12:00,9.433563086414885
2025-04-08 13:00,7.988195775382794
2025-04-08 14:00,9.156763637254809
2025-04-08 15:00,7.645141410154639
2025-04-08 16:00,6.681896727249185
2025-04-08 17:00,6.040914544100724
2025-04-08 18:00,4.396564066260654
2025-04-08 19:00,4.803021146589381
2025-04-08 20:00,0.8659626559141805
2025-04-08 21:00,0.422876843608332
2025-04-08 22:00,2.7625980989075245
2025-04-08 23:00,0.2434027229149806
2025-04-09 00:00,0.554399240388361
2025-04-09 01:00,0.17615360948478365
2025-04-09 02:00,0.24774489054885862
2025-04-09 03:00,0.5968663648318916
2025-04-09 04:00,0.0720050230162059
2025-04-09 05:00,0.3867025461663085
2025-04-09 06:00,0.5808800131583773
2025-04-09 07:00,0.2462896589169432
2025-04-09 08:00,0.1336763861809791
2025-04-09 09:00,1.9710874603404585
2025-04-09 10:00,2.3590711458506113
2025-04-09 11:00,1.8583194232874627
2025-04-09 12:00,2.0335002843183694
2025-04-09 13:00,2.22175685092195
2025-04-09 14:00,5.092256821647797
2025-04-09 15:00,10.211470714529032
2025-04-09 16:00,9.244971765623042
2025-04-09 17:00,12.421956687285487
2025-04-09 18:00,16.031567926104472
2025-04-09 19:00,6.460954613616179
2025-04-09 20:00,4.4520844652198255
2025-04-09 21:00,4.5326400808685605
2025-04-09 22:00,1.0977488778346516
2025-04-09 23:00,1.3029927211341592
2025-04-10 00:00,1.3741694865223408
2025-04-10 01:00,0.934185062519294
2025-04-10 02:00,0.20665541190634995
2025-04-10 03:00,0.2952274546345759
2025-04-10 04:00,0.09646612015707601
2025-04-10 05:00,2.0081711795492874
2025-04-10 06:00,0.811480474047457
2025-04-10 07:00,0.40623479969357446
2025-04-10 08:00,0.397398084264891
2025-04-10 09:00,0.0
2025-04-10 10:00,0.12920425614694056
2025-04-10 11:00,0.39698379215833046
2025-04-10 12:00,1.7330536630615487
2025-04-10 13:00,2.0517742525275766
2025-04-10 14:00,4.445128377767139
2025-04-10 15:00,4.0780875201693965
2025-04-10 16:00,5.452679037935143
2025-04-10 17:00,6.636558569620296
2025-04-10 18:00,5.016978489958386
2025-04-10 19:00,3.296735843587148
2025-04-10 20:00,1.979279345343802
2025-04-10 21:00,1.4127989568386956
2025-04-10 22:00,2.2432571820910563
2025-04-10 23:00,3.938894312858366
2025-04-11 00:00,6.311789587637996
2025-04-11 01:00,3.4243164582259658
2025-04-11 02:00,3.0693507812784047
2025-04-11 03:00,2.912515330330637
2025-04-11 04:00,3.361967675155071
2025-04-11 05:00,1.2910536097198175
2025-04-11 06:00,1.5942481873347796
2025-04-11 07:00,0.0
2025-04-11 08:00,0.0013912732554574037
2025-04-11 09:00,0.29195825917265084
2025-04-11 10:00,0.12721591683234135
2025-04-11 11:00,0.04533879810440222
2025-04-11 12:00,0.06897768024359013
2025-04-11 13:00,0.45071244937798016
2025-04-11 14:00,1.2670660705669805
2025-04-11 15:00,1.3467827875520815
2025-04-11 16:00,1.8475344630611712
2025-04-11 17:00,1.8680870523416684
2025-04-11 18:00,0.41156288184194734
2025-04-11 19:00,0.8070061176759318
2025-04-11 20:00,0.4505893632138009
2025-04-11 21:00,2.919662813610227
2025-04-11 22:00,3.7609122354879725
2025-04-11 23:00,1.5232957099994455
2025-04-12 00:00,3.3834465065851425
2025-04-12 01:00,3.0718169931403336
2025-04-12 02:00,7.5373930938905005
2025-04-12 03:00,31.143487552072646
2025-04-12 04:00,32.104783211909876
2025-04-12 05:00,35.44314439025396
2025-04-12 06:00,41.97854782016954
2025-04-12 07:00,38.12549864303846
2025-04-12 08:00,41.008345624389534
2025-04-12 09:00,53.52047626885439
2025-04-12 10:00,47.53773495339334
2025-04-12 11:00,46.91239452866271
2025-04-12 12:00,46.45244786728155
2025-04-12 13:00,37.555056116886185
2025-04-12 14:00,41.163778007831574
2025-04-12 15:00,47.09360503424965
2025-04-12 16:00,49.89282091291834
2025-04-12 17:00,53.00449682186141
2025-04-12 18:00,54.63860670751133
2025-04-12 19:00,56.91303407030663
2025-04-12 20:00,56.83228548955734
2025-04-12 21:00,56.95614146608637
2025-04-12 22:00,57.31905509671537
2025-04-12 23:00,56.46849560277739
2025-04-13 00:00,56.585561591068924
2025-04-13 01:00,41.813386958273284
2025-04-13 02:00,16.179651082833608
2025-04-13 03:00,19.706782423403858
2025-04-13 04:00,26.44529568031582
2025-04-13 05:00,25.56685654756651
2025-04-13 06:00,55.539690477803425
2025-04-13 07:00,54.45614146180642
2025-04-13 08:00,40.63402693014193
2025-04-13 09:00,51.49770214607412
2025-04-13 10:00,52.47657672746488
2025-04-13 11:00,48.467294204003
2025-04-13 12:00,52.85307572719986
2025-04-13 13:00,53.298370495092534
2025-04-13 14:00,52.5041512909011
2025-04-13 15:00,52.39030018881742
2025-04-13 16:00,49.250472730603455
2025-04-13 17:00,47.83082938419776
2025-04-13 18:00,40.18241039463298
2025-04-13 19:00,34.64356215936936
2025-04-13 20:00,33.42521415352972
2025-04-13 21:00,32.546625198055764
2025-04-13 22:00,35.281190001436826
2025-04-13 23:00,41.028815209038136
2025-04-14 00:00,38.57266120362183
2025-04-14 01:00,47.033335770546415
2025-04-14 02:00,47.80195377926909
2025-04-14 03:00,54.65569699316314
2025-04-14 04:00,51.45262167383859
2025-04-14 05:00,55.715472147530505
2025-04-14 06:00,50.724678296389996
2025-04-14 07:00,43.05331686141434
2025-04-14 08:00,32.33178596418113
2025-04-14 09:00,36.472401147961946
2025-04-14 10:00,21.201001443641587
2025-04-14 11:00,23.55537561295342
2025-04-14 12:00,45.082029296809296
2025-04-14 13:00,41.663264930360306
2025-04-14 14:00,45.927030536843844
2025-04-14 15:00,42.45255626191913
2025-04-14 16:00,44.28214466253194
2025-04-14 17:00,43.83964948366767
2025-04-14 18:00,50.305040151251525
2025-04-14 19:00,52.75501111251213
2025-04-14 20:00,55.75279602719405
2025-04-14 21:00,56.7477970050952
2025-04-14 22:00,54.566030090283625
2025-04-14 23:00,51.25738683460572
2025-04-15 00:00,53.373197090122176
2025-04-15 01:00,52.891406375593895
2025-04-15 02:00,51.6048394248934
2025-04-15 03:00,55.45088682272493
2025-04-15 04:00,43.69595009212127
2025-04-15 05:00,43.853504799647354
2025-04-15 06:00,30.145394277833194
2025-04-15 07:00,26.33318059348764
2025-04-15 08:00,38.373511983273346
2025-04-15 09:00,34.17362756775999
2025-04-15 10:00,23.44973097565471
2025-04-15 11:00,35.76904789845958
2025-04-15 12:00,39.605371377785374
2025-04-15 13:00,31.886875911014855
2025-04-15 14:00,26.39787177795116
2025-04-15 15:00,21.262519717295522
2025-04-15 16:00,16.535745559594684
2025-04-15 17:00,14.639026393730889
2025-04-15 18:00,14.76864341703982
2025-04-15 19:00,17.27011776088369
2025-04-15 20:00,8.558117174802282
2025-04-15 21:00,7.893351711399566
2025-04-15 22:00,6.579302454353526
2025-04-15 23:00,5.06231576526604
2025-04-16 00:00,6.886318952593431
2025-04-16 01:00,6.430951649502491
2025-04-16 02:00,5.76805685003723
2025-04-16 03:00,7.643445916159677
2025-04-16 04:00,9.130397937944835
2025-04-16 05:00,22.088388093895556
2025-04-16 06:00,23.61034181472607
2025-04-16 07:00,27.490430713822793
2025-04-16 08:00,25.4735606974601
2025-04-16 09:00,37.55941412664275
2025-04-16 10:00,45.70546679106482
2025-04-16 11:00,38.143018521416934
2025-04-16 12:00,40.60618860475171
2025-04-16 13:00,40.29405864196702
2025-04-16 14:00,43.5379025455998
2025-04-16 15:00,44.654937761687144
2025-04-16 16:00,44.19410387024043
2025-04-16 17:00,43.03498434312378
2025-04-16 18:00,42.449569694159145
2025-04-16 19:00,47.65893882343124
2025-04-16 20:00,48.77761383264471
2025-04-16 21:00,49.38990549685913
2025-04-16 22:00,50.377486479674076
2025-04-16 23:00,50.68324231578554
2025-04-17 00:00,51.18409000171164
2025-04-17 01:00,51.976994782394655
2025-04-17 02:00,52.42989338644505
2025-04-17 03:00,53.1369687105855
2025-04-17 04:00,51.398490415181165
2025-04-17 05:00,49.85403852130366
2025-04-17 06:00,50.59181116078272
2025-04-17 07:00,50.54883649453669
2025-04-17 08:00,51.58008702902878
2025-04-17 09:00,52.00907153691765
2025-04-17 10:00,51.642388663195945
2025-04-17 11:00,51.159226761441516
2025-04-17 12:00,51.22046853672799
2025-04-17 13:00,48.96566405253512
2025-04-17 14:00,47.51384145670677
2025-04-17 15:00,45.96542672289411
2025-04-17 16:00,45.84805977314649
2025-04-17 17:00,47.73596221248283
2025-04-17 18:00,49.28998782998586
2025-04-17 19:00,46.72748633063699
2025-04-17 20:00,43.464243100794334
2025-04-17 21:00,44.9273695329841
2025-04-17 22:00,50.017644688572794
2025-04-17 23:00,47.15481499034116
2025-04-18 00:00,37.365080012718536
2025-04-18 01:00,48.684966873557826
2025-04-18 02:00,50.61537766619316
2025-04-18 03:00,46.59951270310265
2025-04-18 04:00,49.07447539832032
2025-04-18 05:00,46.781660969936
2025-04-18 06:00,45.29202106752337
2025-04-18 07:00,44.4594887231981
2025-04-18 08:00,42.443572701552064
2025-04-18 09:00,43.93787550435777
2025-04-18 10:00,38.21880709335554
2025-04-18 11:00,27.48707731161331
2025-04-18 12:00,21.936788258180282
2025-04-18 13:00,22.166797977524947
2025-04-18 14:00,24.88593264177541
2025-04-18 15:00,28.427783672734456
2025-04-18 16:00,26.039335912188445
2025-04-18 17:00,27.07950129547774
2025-04-18 18:00,27.137368088298224
2025-04-18 19:00,27.24189466276103
2025-04-18 20:00,26.778347702857936
2025-04-18 21:00,28.504008701995843
2025-04-18 22:00,24.382376747598308
2025-04-18 23:00,27.022475877932173
2025-04-19 00:00,24.78017934972757
2025-04-19 01:00,24.815258212690388
2025-04-19 02:00,34.09628171359143
2025-04-19 03:00,33.35734493784423
2025-04-19 04:00,36.94869210157127
2025-04-19 05:00,39.96564206412026
2025-04-19 06:00,36.51293175331129
2025-04-19 07:00,37.731022925886684
2025-04-19 08:00,42.66726499296928
2025-04-19 09:00,45.66748903298708
2025-04-19 10:00,46.43633453623652
2025-04-19 11:00,46.33776084234317
2025-04-19 12:00,49.93590032344768
2025-04-19 13:00,46.053771053710975
2025-04-19 14:00,44.40156337132017
2025-04-19 15:00,48.008077078166025
2025-04-19 16:00,45.681610559446774
2025-04-19 17:00,40.63731767599276
2025-04-19 18:00,39.47971479111344
2025-04-19 19:00,39.90273734150663
2025-04-19 20:00,26.703489241559414
2025-04-19 21:00,13.688591418707972
2025-04-19 22:00,7.267204399044453
2025-04-19 23:00,3.886509366644202
2025-04-20 00:00,3.849898259207903
2025-04-20 01:00,1.0339708034342905
2025-04-20 02:00,1.173052922038084
2025-04-20 03:00,2.3172460204211323
2025-04-20 04:00,5.336400577056621
2025-04-20 05:00,15.794627821105186
2025-04-20 06:00,16.29257718560661
2025-04-20 07:00,18.495029652350865
2025-04-20 08:00,14.822323153840909
2025-04-20 09:00,14.89133541382602
2025-04-20 10:00,11.532867175783771
2025-04-20 11:00,12.366278666806725
2025-04-20 12:00,10.839813665267327
2025-04-20 13:00,8.581727942878533
2025-04-20 14:00,9.30728545432045
2025-04-20 15:00,12.604684970640855
2025-04-20 16:00,15.101213781873842
2025-04-20 17:00,13.739706679776063
2025-04-20 18:00,7.48128885558449
2025-04-20 19:00,8.327585014410085
2025-04-20 20:00,6.889315032201112
2025-04-20 21:00,5.286887714453184
2025-04-20 22:00,5.133613205761064
2025-04-20 23:00,5.599054888073933
2025-04-21 00:00,0.0
2025-04-21 01:00,0.11018281431543087
2025-04-21 02:00,0.15472348815427217
2025-04-21 03:00,0.2516369417416289
2025-04-21 04:00,0.4628991764391188
2025-04-21 05:00,0.14086372971289857
2025-04-21 06:00,0.7653107702929951
2025-04-21 07:00,0.6682331390231755
2025-04-21 08:00,0.2996099112444291
2025-04-21 09:00,0.5370063639588047
2025-04-21 10:00,2.8023396875274313
2025-04-21 11:00,3.043021248338979
2025-04-21 12:00,2.5701167367439206
2025-04-21 13:00,2.165128461178346
2025-04-21 14:00,3.5957314815011565
2025-04-21 15:00,3.7658390441119187
2025-04-21 16:00,6.6553491682058965
2025-04-21 17:00,5.872340505600003
2025-04-21 18:00,9.490450858963683
2025-04-21 19:00,4.389021010970188
2025-04-21 20:00,3.851543131169363
2025-04-21 21:00,4.116473401336888
2025-04-21 22:00,5.01747559883865
2025-04-21 23:00,5.148688251243727
2025-04-22 00:00,3.0538124870704384
2025-04-22 01:00,2.175246353817046
2025-04-22 02:00,3.5360367031304314
2025-04-22 03:00,7.410343272168163
2025-04-22 04:00,11.775104201468373
2025-04-22 05:00,25.76172575103201
2025-04-22 06:00,24.842892472098285
2025-04-22 07:00,30.637043964866585
2025-04-22 08:00,36.84815081712796
2025-04-22 09:00,43.33341848887414
2025-04-22 10:00,42.80183920159962
2025-04-22 11:00,46.68644584369782
2025-04-22 12:00,48.84944276484639
2025-04-22 13:00,49.29100490671855
2025-04-22 14:00,52.29481286964079
2025-04-22 15:00,56.016641139378905
2025-04-22 16:00,50.08639067003395
2025-04-22 17:00,50.66538416125394
2025-04-22 18:00,49.515683113982845
2025-04-22 19:00,36.193287777056426
2025-04-22 20:00,19.7447015240644
2025-04-22 21:00,15.971016448363947
2025-04-22 22:00,5.287845441230559
2025-04-22 23:00,4.720458345105014
2025-04-23 00:00,10.743241062645305
2025-04-23 01:00,11.0036181299714
2025-04-23 02:00,16.678605347571462
2025-04-23 03:00,17.88918234365811
2025-04-23 04:00,17.708762576142178
2025-04-23 05:00,19.01989686312963
2025-04-23 06:00,10.501572288146482
2025-04-23 07:00,5.773870592112853
2025-04-23 08:00,6.091947522551523
2025-04-23 09:00,4.496348095837482
2025-04-23 10:00,2.0187786793195577
2025-04-23 11:00,1.8820494119062325
2025-04-23 12:00,1.8674539920280724
2025-04-23 13:00,5.5946749865554475
2025-04-23 14:00,5.394852581030252
2025-04-23 15:00,3.470926304198094
2025-04-23 16:00,4.92099524208351
2025-04-23 17:00,3.0972759935401113
2025-04-23 18:00,1.9084742334011275
2025-04-23 19:00,3.29946353952186
2025-04-23 20:00,1.8418537958731842
2025-04-23 21:00,0.5899996944103612
2025-04-23 22:00,1.0858197178194646
2025-04-23 23:00,1.2140689819997628
2025-04-24 00:00,1.789122222216705
2025-04-24 01:00,1.2599028432112758
2025-04-24 02:00,1.189802634205178
2025-04-24 03:00,0.7647243218102218
2025-04-24 04:00,1.43441325038207
2025-04-24 05:00,0.3513111798907389
2025-04-24 06:00,0.2985266404489958
2025-04-24 07:00,0.18145172656810715
2025-04-24 08:00,1.6505018420102555
2025-04-24 09:00,5.099363395629627
2025-04-24 10:00,7.466529080147496
2025-04-24 11:00,7.403715414751735
2025-04-24 12:00,7.209327138251812
2025-04-24 13:00,6.186751708510234
2025-04-24 14:00,8.130847630056946
2025-04-24 15:00,11.095458622976135
2025-04-24 16:00,9.814460493987314
2025-04-24 17:00,16.809701390405337
2025-04-24 18:00,31.85753863076681
2025-04-24 19:00,35.79735338161308
2025-04-24 20:00,35.18167692560669
2025-04-24 21:00,31.640028965893123
2025-04-24 22:00,26.014293589883074
2025-04-24 23:00,17.979444931069924
2025-04-25 00:00,19.345810983399566
2025-04-25 01:00,18.183689296476388
2025-04-25 02:00,12.308330297304767
2025-04-25 03:00,13.00844266694195
2025-04-25 04:00,12.709731829428948
2025-04-25 05:00,9.815291281002528
2025-04-25 06:00,8.975616199627673
2025-04-25 07:00,5.637897922307351
2025-04-25 08:00,6.666498950539372
2025-04-25 09:00,3.350728909939023
2025-04-25 10:00,3.888317040052888
2025-04-25 11:00,4.955089722689385
2025-04-25 12:00,5.469631207060899
2025-04-25 13:00,8.430928292860221
2025-04-25 14:00,8.805475007963281
2025-04-25 15:00,11.165740933315437
2025-04-25 16:00,9.312097957283328
2025-04-25 17:00,9.596572657543064
2025-04-25 18:00,7.453924142490765
2025-04-25 19:00,7.345644482167529
2025-04-25 20:00,3.225800940507361
2025-04-25 21:00,1.6450752493242637
2025-04-25 22:00,1.7606108439459613
2025-04-25 23:00,1.1559206638640478
2025-04-26 00:00,2.1125841205236355
2025-04-26 01:00,3.0630303054093657
2025-04-26 02:00,3.9955832269348663
2025-04-26 03:00,1.5771797141164177
2025-04-26 04:00,1.3774522563410436
2025-04-26 05:00,1.6474466416889455
2025-04-26 06:00,1.8046822245557845
2025-04-26 07:00,2.0938361127568923
2025-04-26 08:00,2.106866864228728
2025-04-26 09:00,3.910443812206788
2025-04-26 10:00,5.264268190536924
2025-04-26 11:00,5.544649578243009
2025-04-26 12:00,5.506333586629205
2025-04-26 13:00,20.448075476529592
2025-04-26 14:00,20.82236964896475
2025-04-26 15:00,19.960946211559136
2025-04-26 16:00,23.642396113113293
2025-04-26 17:00,18.006888888514112
2025-04-26 18:00,12.36278811139696
2025-04-26 19:00,20.238272675774155
2025-04-26 20:00,25.32056784504401
2025-04-26 21:00,20.99276901503209
2025-04-26 22:00,24.42017681069911
2025-04-26 23:00,20.07386503966422
2025-04-27 00:00,14.96057581797775
2025-04-27 01:00,10.921155043806552
2025-04-27 02:00,11.422877588074122
2025-04-27 03:00,15.254362682411822
2025-04-27 04:00,18.402976822648515
2025-04-27 05:00,21.702036777087674
2025-04-27 06:00,25.287668841947827
2025-04-27 07:00,19.00030206587786
2025-04-27 08:00,18.97120398217452
2025-04-27 09:00,17.013347161250877
2025-04-27 10:00,10.039853469931497
2025-04-27 11:00,8.269317440055682
2025-04-27 12:00,10.23424403200025
2025-04-27 13:00,7.591593015825675
2025-04-27 14:00,7.858198009090312
2025-04-27 15:00,6.15539079279341
2025-04-27 16:00,4.908258286192274
2025-04-27 17:00,5.514839100867012
2025-04-27 18:00,5.5574497600015045
2025-04-27 19:00,4.527820084301437
2025-04-27 20:00,7.270205202940491
2025-04-27 21:00,6.966926191315807
2025-04-27 22:00,7.7417247238920925
2025-04-27 23:00,6.063790294592821
2025-04-28 00:00,5.374922729822642
2025-04-28 01:00,2.3535500688564204
2025-04-28 02:00,5.206536301446909
2025-04-28 03:00,2.043641133109794
2025-04-28 04:00,3.8745539934874644
2025-04-28 05:00,0.7226469120592962
2025-04-28 06:00,4.292919358595421
2025-04-28 07:00,1.2651090949417916
2025-04-28 08:00,2.5554602987030117
2025-04-28 09:00,2.2133848381259145
2025-04-28 10:00,3.803619090432459
2025-04-28 11:00,5.4624762078668905
2025-04-28 12:00,8.26532197554576
2025-04-28 13:00,13.051065813130938
2025-04-28 14:00,20.283373410162007
2025-04-28 15:00,25.7279367763933
2025-04-28 16:00,27.577440364903715
2025-04-28 17:00,42.293159317296116
2025-04-28 18:00,44.83071928425648
2025-04-28 19:00,32.77126970282991
2025-04-28 20:00,25.38984203510598
2025-04-28 21:00,16.023507172881327
2025-04-28 22:00,9.166185212751923
2025-04-28 23:00,8.611110102029087
2025-04-29 00:00,6.729247698098753
2025-04-29 01:00,3.7610164761524043
2025-04-29 02:00,1.7753856996047626
2025-04-29 03:00,4.079374713642062
2025-04-29 04:00,7.526246262462118
2025-04-29 05:00,8.524627869416772
2025-04-29 06:00,4.7473290851796515
2025-04-29 07:00,0.4343490613595584
2025-04-29 08:00,0.0
2025-04-29 09:00,0.0
2025-04-29 10:00,0.0
2025-04-29 11:00,0.022322631369509793
2025-04-29 12:00,0.48319500097107415
2025-04-29 13:00,1.0096683286308923
2025-04-29 14:00,2.663958938712226
2025-04-29 15:00,2.9882434192844425
2025-04-29 16:00,3.740750132501413
2025-04-29 17:00,5.04402563391581
2025-04-29 18:00,6.893201375514498
2025-04-29 19:00,10.70804686695067
2025-04-29 20:00,18.99810841196298
2025-04-29 21:00,20.681896761321184
2025-04-29 22:00,19.028398266596312
2025-04-29 23:00,18.511911237988794
2025-04-30 00:00,15.90705077505157
2025-04-30 01:00,15.813272267434929
2025-04-30 02:00,19.91741757481493
2025-04-30 03:00,20.595833252943336
2025-04-30 04:00,18.867714796778895
2025-04-30 05:00,20.413531282951354
2025-04-30 06:00,26.37224213754299
2025-04-30 07:00,25.06151524100082
2025-04-30 08:00,35.28913554891592
2025-04-30 09:00,35.29497014002662
2025-04-30 10:00,37.41357128008804
2025-04-30 11:00,34.48775207636703
2025-04-30 12:00,36.19153311202312
2025-04-30 13:00,43.03591189718935
2025-04-30 14:00,40.51187330411289
2025-04-30 15:00,40.95200698216356
2025-04-30 16:00,36.04205914404245
2025-04-30 17:00,37.221052147225244
2025-04-30 18:00,32.99763866066149
2025-04-30 19:00,39.549382294815636
2025-04-30 20:00,39.545889550819325
2025-04-30 21:00,40.71247869504809
2025-04-30 22:00,38.96480304436314
2025-04-30 23:00,39.60590052756757
2025-05-01 00:00,44.54003536731767
2025-05-01 01:00,38.57849855585929
2025-05-01 02:00,43.8981873061916
2025-05-01 03:00,49.86097556031937
2025-05-01 04:00,45.740547643247425
2025-05-01 05:00,45.95809947872729
2025-05-01 06:00,50.78408443226316
2025-05-01 07:00,48.55221782571276
2025-05-01 08:00,55.80490464920678
2025-05-01 09:00,51.89682434838626
2025-05-01 10:00,50.61444086232896
2025-05-01 11:00,50.05807907039002
2025-05-01 12:00,50.44760200374988
2025-05-01 13:00,48.09052648788333
2025-05-01 14:00,39.900869912154434
2025-05-01 15:00,35.79386027794233
2025-05-01 16:00,31.436779924512955
2025-05-01 17:00,21.87243438828753
2025-05-01 18:00,18.338250455595
2025-05-01 19:00,20.460760491012326
2025-05-01 20:00,15.897083947046575
2025-05-01 21:00,10.306333047538867
2025-05-01 22:00,7.871771125929309
2025-05-01 23:00,7.247355171086132
2025-05-02 00:00,19.477841162438587
2025-05-02 01:00,26.74287032139216
2025-05-02 02:00,34.84400896543289
2025-05-02 03:00,38.95256323122359
2025-05-02 04:00,42.81306933534079
2025-05-02 05:00,34.39606461742009
2025-05-02 06:00,23.678598985902944
2025-05-02 07:00,31.454499473450735
2025-05-02 08:00,40.36935950560482
2025-05-02 09:00,37.1385180372061
2025-05-02 10:00,45.2166260005119
2025-05-02 11:00,28.70129544517327
2025-05-02 12:00,20.638810398844775
2025-05-02 13:00,13.457547141064415
2025-05-02 14:00,12.079768938250673
2025-05-02 15:00,10.85411368488723
2025-05-02 16:00,10.482981040812382
2025-05-02 17:00,9.463320877940687
2025-05-02 18:00,4.161896005483362
2025-05-02 19:00,2.861692229366701
2025-05-02 20:00,0.3749041812992683
2025-05-02 21:00,0.13320714864566627
2025-05-02 22:00,0.5206678947279552
2025-05-02 23:00,0.0
2025-05-03 00:00,0.25441990319981755
2025-05-03 01:00,0.7347305786320668
2025-05-03 02:00,1.8430261605647973
2025-05-03 03:00,10.24926764650509
2025-05-03 04:00,10.497899833108281
2025-05-03 05:00,11.694106371367493
2025-05-03 06:00,14.318952566147278
2025-05-03 07:00,32.580311158518825
2025-05-03 08:00,18.71662505664915
2025-05-03 09:00,14.923654385373185
2025-05-03 10:00,25.180312354878655
2025-05-03 11:00,19.76987008155689
2025-05-03 12:00,7.192232786848972
2025-05-03 13:00,9.144050137409971
2025-05-03 14:00,11.12501583556973
2025-05-03 15:00,17.73528150938361
2025-05-03 16:00,40.102085886119234
2025-05-03 17:00,45.045972146265484
2025-05-03 18:00,44.96542237993236
2025-05-03 19:00,40.17903984472308
2025-05-03 20:00,37.14332168287477
2025-05-03 21:00,30.65208372341668
2025-05-03 22:00,24.87202628742785
2025-05-03 23:00,7.317503333049688
2025-05-04 00:00,4.29187356718422
2025-05-04 01:00,7.805319134734414
2025-05-04 02:00,7.348330845938831
2025-05-04 03:00,7.041159676836149
2025-05-04 04:00,7.684190865021226
2025-05-04 05:00,6.268444486648094
2025-05-04 06:00,6.284390416134262
2025-05-04 07:00,4.59697375672744
2025-05-04 08:00,3.027103260749047
2025-05-04 09:00,1.81342616278576
2025-05-04 10:00,0.9592924175494402
2025-05-04 11:00,3.038413403857273
2025-05-04 12:00,7.129321618276627
2025-05-04 13:00,10.346314327744864
2025-05-04 14:00,15.194072928310392
2025-05-04 15:00,18.061230815626676
2025-05-04 16:00,14.581282475210166
2025-05-04 17:00,11.367605120475082
2025-05-04 18:00,10.637868070808757
2025-05-04 19:00,6.6091323645084685
2025-05-04 20:00,8.170442965863572
2025-05-04 21:00,3.7090614575020755
2025-05-04 22:00,3.7353499891641304
2025-05-04 23:00,4.450118974130903
2025-05-05 00:00,5.243071698355892
2025-05-05 01:00,1.8069548722457442
2025-05-05 02:00,1.5619243655621395
2025-05-05 03:00,1.0225077192497216
2025-05-05 04:00,0.863770586253136
2025-05-05 05:00,1.3206780017866686
2025-05-05 06:00,2.4419800460418495
2025-05-05 07:00,1.2216026363270032
2025-05-05 08:00,0.31296643806328817
2025-05-05 09:00,0.34403441067477214
2025-05-05 10:00,0.16090434869089656
2025-05-05 11:00,0.21129555117161009
2025-05-05 12:00,2.593788924153835
2025-05-05 13:00,1.8491491767018864
2025-05-05 14:00,2.025489951212223
2025-05-05 15:00,2.628701717929071
2025-05-05 16:00,5.075187258639333
2025-05-05 17:00,2.527785586324487
2025-05-05 18:00,6.1040626886331655
2025-05-05 19:00,7.064893292173683
2025-05-05 20:00,6.035069954087644
2025-05-05 21:00,3.3315354018942838
2025-05-05 22:00,17.27938543608046
2025-05-05 23:00,12.722253222964028
2025-05-06 00:00,9.661902604029363
2025-05-06 01:00,8.234050633125808
2025-05-06 02:00,8.394390533319024
2025-05-06 03:00,7.620469781693795
2025-05-06 04:00,8.828507210281982
2025-05-06 05:00,9.944687598572724
2025-05-06 06:00,6.015120594044239
2025-05-06 07:00,6.859477573389844
2025-05-06 08:00,6.659487928500983
2025-05-06 09:00,3.403073776997214
2025-05-06 10:00,5.524931593069099
2025-05-06 11:00,2.1480025376940155
2025-05-06 12:00,2.627476744097824
2025-05-06 13:00,2.8712947504446973
2025-05-06 14:00,6.04621098692362
2025-05-06 15:00,7.447590868888807
2025-05-06 16:00,5.557438912759026
2025-05-06 17:00,10.58723574473073
2025-05-06 18:00,10.473524283540728
2025-05-06 19:00,9.626054531293274
2025-05-06 20:00,5.837864745614306
2025-05-06 21:00,4.093957370262218
2025-05-06 22:00,2.8020016267048784
2025-05-06 23:00,2.6078663874698793
2025-05-07 00:00,0.6165218376949986
2025-05-07 01:00,2.9871691329906387
2025-05-07 02:00,4.882904460296553
2025-05-07 03:00,2.820159418422339
2025-05-07 04:00,5.0659261351853315
2025-05-07 05:00,4.647780986071061
2025-05-07 06:00,2.3956284293565884
2025-05-07 07:00,0.959236517102898
2025-05-07 08:00,0.0
2025-05-07 09:00,0.12066027401883483
2025-05-07 10:00,0.0
2025-05-07 11:00,0.07616200892956251
2025-05-07 12:00,0.4170070654221804
2025-05-07 13:00,2.1334394089620714
2025-05-07 14:00,3.842792881350241
2025-05-07 15:00,4.257334298263597
2025-05-07 16:00,3.541616715058554
2025-05-07 17:00,3.8190811114709082
2025-05-07 18:00,2.997228485302368
2025-05-07 19:00,0.6656062159238738
2025-05-07 20:00,1.6797775133993396
2025-05-07 21:00,1.2218055917888133
2025-05-07 22:00,0.5039135390734925
2025-05-07 23:00,1.0487456776331894
2025-05-08 00:00,0.0
2025-05-08 01:00,0.09751521723656875
2025-05-08 02:00,0.5682522341502843
2025-05-08 03:00,1.2386973078421153
2025-05-08 04:00,0.9938574545961947
2025-05-08 05:00,3.4450912389687036
2025-05-08 06:00,2.7893211317141087
2025-05-08 07:00,0.35894015964758513
2025-05-08 08:00,0.7054447981255795
2025-05-08 09:00,0.4164470786430934
2025-05-08 10:00,2.746675058384039
2025-05-08 11:00,0.8408921721010675
2025-05-08 12:00,0.5886278896757725
2025-05-08 13:00,0.45685107553365256
2025-05-08 14:00,2.4919147023987875
2025-05-08 15:00,5.640639508385926
2025-05-08 16:00,6.588899260534644
2025-05-08 17:00,5.253845869274107
2025-05-08 18:00,9.22824116267127
2025-05-08 19:00,4.591515495888683
2025-05-08 20:00,1.431516976317512
2025-05-08 21:00,1.472531827651059
2025-05-08 22:00,0.8521028977205659
2025-05-08 23:00,1.7361373558161728
2025-05-09 00:00,3.3079050674313177
2025-05-09 01:00,6.803416999299583
2025-05-09 02:00,8.876479887199208
2025-05-09 03:00,8.627458864446641
2025-05-09 04:00,14.717170245234316
2025-05-09 05:00,20.488447757856584
2025-05-09 06:00,26.044925734464357
2025-05-09 07:00,24.42145901484227
2025-05-09 08:00,37.9079583165924
2025-05-09 09:00,33.10271968936779
2025-05-09 10:00,31.691038975743986
2025-05-09 11:00,48.068106327756254
2025-05-09 12:00,48.37852074436027
2025-05-09 13:00,52.7151267319485
2025-05-09 14:00,53.44415228040346
2025-05-09 15:00,54.11988385076623
2025-05-09 16:00,52.731472933741735
2025-05-09 17:00,50.13421245365096
2025-05-09 18:00,52.53543850228292
2025-05-09 19:00,51.06094498304234
2025-05-09 20:00,51.4151567156762
2025-05-09 21:00,53.330646530192
2025-05-09 22:00,51.66769167261668
2025-05-09 23:00,52.11862946398746
2025-05-10 00:00,47.04507532593151
2025-05-10 01:00,49.784981113655505
2025-05-10 02:00,57.20368144937247
2025-05-10 03:00,56.023607016954955
2025-05-10 04:00,57.351848673768686
2025-05-10 05:00,50.30815922406279
2025-05-10 06:00,48.75484925938696
2025-05-10 07:00,53.08202231556199
2025-05-10 08:00,50.12130848317937
2025-05-10 09:00,54.132518685720484
2025-05-10 10:00,55.347573106680386
2025-05-10 11:00,52.141943300523955
2025-05-10 12:00,53.46895341177374
2025-05-10 13:00,52.62825499452103
2025-05-10 14:00,55.04678628983866
2025-05-10 15:00,56.99332689522577
2025-05-10 16:00,55.4718122716717
2025-05-10 17:00,57.706497802937875
2025-05-10 18:00,51.2481735305752
2025-05-10 19:00,42.37156833278099
2025-05-10 20:00,35.98831595824825
2025-05-10 21:00,30.96883857302144
2025-05-10 22:00,24.040006303985145
2025-05-10 23:00,20.299740149159398
2025-05-11 00:00,18.931996452416627
2025-05-11 01:00,7.350729900192949
2025-05-11 02:00,9.674100409630764
2025-05-11 03:00,5.357913552439037
2025-05-11 04:00,4.780311659195405
2025-05-11 05:00,3.8203792483894055
2025-05-11 06:00,2.6502078684287174
2025-05-11 07:00,4.343607630275419
2025-05-11 08:00,2.069278495745044
2025-05-11 09:00,2.448918093953503
2025-05-11 10:00,4.128144039766912
2025-05-11 11:00,5.986081400197259
2025-05-11 12:00,5.945907622942971
2025-05-11 13:00,7.732937489082323
2025-05-11 14:00,8.07115845906936
2025-05-11 15:00,9.652385373530473
2025-05-11 16:00,7.08960972202591
2025-05-11 17:00,5.378296288309105
2025-05-11 18:00,4.951512281072209
2025-05-11 19:00,2.9991817499156284
2025-05-11 20:00,4.694604368616327
2025-05-11 21:00,8.26258587925369
2025-05-11 22:00,6.868143715378444
2025-05-11 23:00,8.747499057189254
2025-05-12 00:00,9.087750654936478
2025-05-12 01:00,7.934926239687567
2025-05-12 02:00,9.317960178682473
2025-05-12 03:00,10.03252442445061
2025-05-12 04:00,8.810859250168983
2025-05-12 05:00,5.20227069114209
2025-05-12 06:00,6.020122498434314
2025-05-12 07:00,5.014417730068156
2025-05-12 08:00,11.492707084525438
2025-05-12 09:00,11.656864876060572
2025-05-12 10:00,6.665555018124835
2025-05-12 11:00,13.424969917808241
2025-05-12 12:00,13.404561689554122
2025-05-12 13:00,18.383751212005542
2025-05-12 14:00,19.50840297036725
2025-05-12 15:00,22.973963667394653
2025-05-12 16:00,17.550427803714125
2025-05-12 17:00,18.87478428417392
2025-05-12 18:00,20.373421232954676
2025-05-12 19:00,19.602705683227597
2025-05-12 20:00,23.78216373463633
2025-05-12 21:00,21.329605588218648
2025-05-12 22:00,22.01064602430023
2025-05-12 23:00,23.69179369953988
2025-05-13 00:00,23.076936611445415
2025-05-13 01:00,19.176539172112733
2025-05-13 02:00,20.992651292267137
2025-05-13 03:00,20.70407013887225
2025-05-13 04:00,21.92480892516667
2025-05-13 05:00,21.137592863651022
2025-05-13 06:00,21.172701394851273
2025-05-13 07:00,25.432413122502787
2025-05-13 08:00,33.98885439677983
2025-05-13 09:00,37.705799554201405
2025-05-13 10:00,32.476135336475515
2025-05-13 11:00,33.428057744819554
2025-05-13 12:00,34.47747407089702
2025-05-13 13:00,32.84309527808686
2025-05-13 14:00,32.9355892287216
2025-05-13 15:00,30.47191215105771
2025-05-13 16:00,29.624177502404564
2025-05-13 17:00,30.910324084120674
2025-05-13 18:00,20.192393041422555
2025-05-13 19:00,23.6569001698945
2025-05-13 20:00,23.445626135074647
2025-05-13 21:00,15.308593040539513
2025-05-13 22:00,9.07902692648705
2025-05-13 23:00,4.756261260968758
2025-05-14 00:00,10.052599612261199
2025-05-14 01:00,8.550881459968393
2025-05-14 02:00,6.930732801680801
2025-05-14 03:00,7.803380573165216
2025-05-14 04:00,7.639378738687903
2025-05-14 05:00,6.42733036057118
2025-05-14 06:00,6.380105868025874
2025-05-14 07:00,5.7568219627438175
2025-05-14 08:00,5.783562850359489
2025-05-14 09:00,9.611252134349575
2025-05-14 10:00,12.62334894775298
2025-05-14 11:00,20.35859530812569
2025-05-14 12:00,25.734376854182315
2025-05-14 13:00,16.027934791839886
2025-05-14 14:00,23.199269068375713
2025-05-14 15:00,31.338112853813506
2025-05-14 16:00,31.933189805875937
2025-05-14 17:00,24.919678579374867
2025-05-14 18:00,24.496804325318905
2025-05-14 19:00,26.56869006820484
2025-05-14 20:00,29.519493509368257
2025-05-14 21:00,29.999521160309584
2025-05-14 22:00,36.77118819806499
2025-05-14 23:00,39.20358836299499
2025-05-15 00:00,36.894941505755504
2025-05-15 01:00,35.66649106025317
2025-05-15 02:00,44.08180868717804
2025-05-15 03:00,43.582643406202365
2025-05-15 04:00,33.591637975502735
2025-05-15 05:00,28.861891944609887
2025-05-15 06:00,36.72757815023694
2025-05-15 07:00,34.519752814820805
2025-05-15 08:00,25.24984687234467
2025-05-15 09:00,31.95769475025785
2025-05-15 10:00,36.25240794119225
2025-05-15 11:00,25.293036186155334
2025-05-15 12:00,20.214615850634722
2025-05-15 13:00,26.53891136893957
2025-05-15 14:00,19.13470543826847
2025-05-15 15:00,18.78222788598287
2025-05-15 16:00,19.166393686875658
2025-05-15 17:00,18.61924925782863
2025-05-15 18:00,17.349829882229702
2025-05-15 19:00,20.015467405204745
2025-05-15 20:00,22.26758658461898
2025-05-15 21:00,20.510673916304064
2025-05-15 22:00,19.691272401872613
2025-05-15 23:00,21.689096194333327
2025-05-16 00:00,14.900979529549794
2025-05-16 01:00,9.748573169904823
2025-05-16 02:00,12.033212572070891
2025-05-16 03:00,17.42759736580765
2025-05-16 04:00,18.21900701497681
2025-05-16 05:00,13.684090743785163
2025-05-16 06:00,13.474326056206532
2025-05-16 07:00,8.75049793011922
2025-05-16 08:00,7.413252706980184
2025-05-16 09:00,13.20508244666758
2025-05-16 10:00,17.966531821217636
2025-05-16 11:00,21.539793570688083
2025-05-16 12:00,21.230594114490497
2025-05-16 13:00,24.953823754476364
2025-05-16 14:00,22.297162156546527
2025-05-16 15:00,32.374380887677226
2025-05-16 16:00,26.92430504585531
2025-05-16 17:00,33.56802937549847
2025-05-16 18:00,29.697505940811787
2025-05-16 19:00,36.92670740585791
2025-05-16 20:00,37.25574742574849
2025-05-16 21:00,36.218616866448826
2025-05-16 22:00,39.21017286894309
2025-05-16 23:00,38.445842781233594
2025-05-17 00:00,19.93292422374638
2025-05-17 01:00,6.802191393677127
2025-05-17 02:00,6.554018026959986
2025-05-17 03:00,5.495099301989232
2025-05-17 04:00,5.704533194828671
2025-05-17 05:00,3.3041054077654506
2025-05-17 06:00,5.756288750269248
2025-05-17 07:00,4.0433096712118655
2025-05-17 08:00,3.562034535315514
2025-05-17 09:00,2.481518500735767
2025-05-17 10:00,1.792229778525312
2025-05-17 11:00,0.7515658288266813
2025-05-17 12:00,0.7783810525861727
2025-05-17 13:00,1.211248328782221
2025-05-17 14:00,4.388352851851561
2025-05-17 15:00,8.504919538858095
2025-05-17 16:00,11.09123046664684
2025-05-17 17:00,19.4639457142781
2025-05-17 18:00,32.266546407124196
2025-05-17 19:00,31.04265139972862
2025-05-17 20:00,12.517232860500803
2025-05-17 21:00,14.241347761062155
2025-05-17 22:00,20.324022422521285
2025-05-17 23:00,11.93174812249249
2025-05-18 00:00,11.874248227435764
2025-05-18 01:00,14.181550770401834
2025-05-18 02:00,11.16104415370176
2025-05-18 03:00,9.118150145816665
2025-05-18 04:00,6.820515790669456
2025-05-18 05:00,7.45254476363945
2025-05-18 06:00,5.6638155664058845
2025-05-18 07:00,10.752429712194893
2025-05-18 08:00,8.123201436495243
2025-05-18 09:00,8.020884631529281
2025-05-18 10:00,4.520214604539018
2025-05-18 11:00,4.96853921047371
2025-05-18 12:00,6.2160645933715335
2025-05-18 13:00,4.396346903403185
2025-05-18 14:00,4.326658971012595
2025-05-18 15:00,3.4607782154689173
2025-05-18 16:00,3.77986458037352
2025-05-18 17:00,3.302964898747878
2025-05-18 18:00,1.6534630083706947
2025-05-18 19:00,0.12250396116041709
2025-05-18 20:00,0.0
2025-05-18 21:00,0.0
2025-05-18 22:00,0.05101967904442256
2025-05-18 23:00,0.14492149951576017
2025-05-19 00:00,0.0016881054918337912
2025-05-19 01:00,0.0
2025-05-19 02:00,0.3472927378548354
2025-05-19 03:00,1.6049168384319576
2025-05-19 04:00,2.9517594226477777
2025-05-19 05:00,6.726879647953832
2025-05-19 06:00,11.522522018492115
2025-05-19 07:00,16.275999872827924
2025-05-19 08:00,32.104037696184605
2025-05-19 09:00,39.190657877284295
2025-05-19 10:00,42.66471234067333
2025-05-19 11:00,45.434047375764806
2025-05-19 12:00,49.279405511827214
2025-05-19 13:00,47.43358195213113
2025-05-19 14:00,48.5069551504797
2025-05-19 15:00,45.55819557040721
2025-05-19 16:00,46.08527105330426
2025-05-19 17:00,44.75421405828652
2025-05-19 18:00,42.62290881718391
2025-05-19 19:00,42.213647913175926
2025-05-19 20:00,41.3556734192577
2025-05-19 21:00,40.371502752493186
2025-05-19 22:00,42.0235105159664
2025-05-19 23:00,44.78845076994295
2025-05-20 00:00,51.34569495678393
2025-05-20 01:00,49.663852169396854
2025-05-20 02:00,46.939084698700505
2025-05-20 03:00,44.34426395538697
2025-05-20 04:00,42.63864555442615
2025-05-20 05:00,41.5526268366187
2025-05-20 06:00,41.8393821151599
2025-05-20 07:00,39.760578507459776
2025-05-20 08:00,40.06075770095427
2025-05-20 09:00,39.91522793673845
2025-05-20 10:00,40.38206082330368
2025-05-20 11:00,38.46622908478388
2025-05-20 12:00,36.310803336821195
2025-05-20 13:00,29.46584322776907
2025-05-20 14:00,28.434854515475088
2025-05-20 15:00,35.45326665735865
2025-05-20 16:00,27.40544460167324
2025-05-20 17:00,31.26499740983786
2025-05-20 18:00,23.354492408359903
2025-05-20 19:00,28.63600445990233
2025-05-20 20:00,19.390428660326663
2025-05-20 21:00,20.6090806286919
2025-05-20 22:00,29.686338036228783
2025-05-20 23:00,33.29413228515526
2025-05-21 00:00,23.945766598733325
2025-05-21 01:00,18.72941310247907
2025-05-21 02:00,15.936939202416555
2025-05-21 03:00,12.207771776335345
2025-05-21 04:00,6.7336953065492136
2025-05-21 05:00,8.18918951769259
2025-05-21 06:00,6.394150764567716
2025-05-21 07:00,14.853196986115295
2025-05-21 08:00,4.719095255005463
2025-05-21 09:00,4.075502248495445
2025-05-21 10:00,2.080138470665265
2025-05-21 11:00,1.0762668179579424
2025-05-21 12:00,0.6756991316725318
2025-05-21 13:00,0.7977530199715643
2025-05-21 14:00,0.5488122575984492
2025-05-21 15:00,0.5854944106189333
2025-05-21 16:00,0.962507741155916
2025-05-21 17:00,1.2905688052770157
2025-05-21 18:00,1.167347515461998
2025-05-21 19:00,3.0697781665652
2025-05-21 20:00,2.6531205904885535
2025-05-21 21:00,5.237721334500771
2025-05-21 22:00,4.527249571231435
2025-05-21 23:00,5.4884818028807185
2025-05-22 00:00,3.1281192382257816
2025-05-22 01:00,2.93030548842303
2025-05-22 02:00,8.655154992818224
2025-05-22 03:00,9.626343194408006
2025-05-22 04:00,3.7127460718044167
2025-05-22 05:00,2.1130479239484337
2025-05-22 06:00,2.4207183475209813
2025-05-22 07:00,2.047319575186304
2025-05-22 08:00,1.4634679473881713
2025-05-22 09:00,0.4000225671266972
2025-05-22 10:00,0.9070367765022841
2025-05-22 11:00,0.5246559742081441
2025-05-22 12:00,1.1175542022075797
2025-05-22 13:00,2.294031588173616
2025-05-22 14:00,4.018484061938618
2025-05-22 15:00,4.430574211243196
2025-05-22 16:00,4.4754566952333885
2025-05-22 17:00,4.485194581385832
2025-05-22 18:00,5.02746281436132
2025-05-22 19:00,3.535627820410695
2025-05-22 20:00,1.6106579566457753
2025-05-22 21:00,0.0928790089864251
2025-05-22 22:00,1.0853806439772853
2025-05-22 23:00,1.594186238730388
2025-05-23 00:00,2.426923091548524
2025-05-23 01:00,1.778627815482259
2025-05-23 02:00,0.8612059853820522
2025-05-23 03:00,0.023115886074996594
2025-05-23 04:00,0.4645776713066715
2025-05-23 05:00,0.11106010717313558
2025-05-23 06:00,0.0
2025-05-23 07:00,0.016638717784233037
2025-05-23 08:00,0.2623050794690017
2025-05-23 09:00,0.28417471472038836
2025-05-23 10:00,0.12874657351691673
2025-05-23 11:00,0.1470376548880623
2025-05-23 12:00,1.3211704262825599
2025-05-23 13:00,0.6367732471945993
2025-05-23 14:00,0.6538029984039009
2025-05-23 15:00,0.5106703702043593
2025-05-23 16:00,1.6392386054557488
2025-05-23 17:00,2.6438206831551234
2025-05-23 18:00,3.0675915026787814
2025-05-23 19:00,3.8033135796908253
2025-05-23 20:00,4.328807147890512
2025-05-23 21:00,3.3920656958473465
2025-05-23 22:00,3.0250881954985145
2025-05-23 23:00,1.0015092010176143
2025-05-24 00:00,2.0014113838237018
2025-05-24 01:00,4.306196672696767
2025-05-24 02:00,2.2175490250551344
2025-05-24 03:00,5.897809433387962
2025-05-24 04:00,6.4122620747032455
2025-05-24 05:00,5.8490701787450945
2025-05-24 06:00,4.7497889311552095
2025-05-24 07:00,4.2199602946481
2025-05-24 08:00,3.0212867878344616
2025-05-24 09:00,4.833515332843377
2025-05-24 10:00,3.77793516890553
2025-05-24 11:00,3.319042831124823
2025-05-24 12:00,4.654537966276665
2025-05-24 13:00,8.212105570791394
2025-05-24 14:00,12.715587216407652
2025-05-24 15:00,9.61112876910494
2025-05-24 16:00,12.057825473796784
2025-05-24 17:00,18.60650091671589
2025-05-24 18:00,13.738032843005826
2025-05-24 19:00,19.888471603134374
2025-05-24 20:00,15.511891758969341
2025-05-24 21:00,11.345200289348071
2025-05-24 22:00,12.518237681215455
2025-05-24 23:00,16.218871734437982
2025-05-25 00:00,21.705826743663906
2025-05-25 01:00,18.22684321830867
2025-05-25 02:00,16.913072513819355
2025-05-25 03:00,12.959297367314289
2025-05-25 04:00,9.621833260446136
2025-05-25 05:00,9.299823386587208
2025-05-25 06:00,6.813441314262013
2025-05-25 07:00,8.918568220363754
2025-05-25 08:00,7.5397150755554385
2025-05-25 09:00,6.266600623487576
2025-05-25 10:00,3.6523477995727207
2025-05-25 11:00,4.607612244319938
2025-05-25 12:00,3.469299029370973
2025-05-25 13:00,4.061973971007187
2025-05-25 14:00,4.317693761056991
2025-05-25 15:00,5.763213552329846
2025-05-25 16:00,4.8334828315200555
2025-05-25 17:00,2.901990569876956
2025-05-25 18:00,1.6904368413436006
2025-05-25 19:00,0.9128664400525779
2025-05-25 20:00,0.009182706605484037
2025-05-25 21:00,0.36441802081499286
2025-05-25 22:00,0.2455605090738342
2025-05-25 23:00,0.9736053108690239
2025-05-26 00:00,0.7181022035003886
2025-05-26 01:00,1.3713879419587789
2025-05-26 02:00,0.9028342204660977
2025-05-26 03:00,0.8596911213603169
2025-05-26 04:00,0.42328110339343145
2025-05-26 05:00,0.4207513479578816
2025-05-26 06:00,0.3829262386249108
2025-05-26 07:00,0.996624189828037
2025-05-26 08:00,1.9942388441599017
2025-05-26 09:00,6.996065983405132
2025-05-26 10:00,4.825722650681582
2025-05-26 11:00,8.325797007429875
2025-05-26 12:00,6.621301912220965
2025-05-26 13:00,7.942676061403643
2025-05-26 14:00,9.381868361840604
2025-05-26 15:00,8.94869279051189
2025-05-26 16:00,7.844948579127807
2025-05-26 17:00,6.413734748640721
2025-05-26 18:00,5.052897526552688
2025-05-26 19:00,7.134434461180204
2025-05-26 20:00,8.785848380711531
2025-05-26 21:00,11.66681272261036
2025-05-26 22:00,7.145637074077584
2025-05-26 23:00,11.071751634751033
2025-05-27 00:00,5.82981443004627
2025-05-27 01:00,6.494704701399986
2025-05-27 02:00,4.623171010966851
2025-05-27 03:00,4.543820846991394
2025-05-27 04:00,2.1521205971391444
2025-05-27 05:00,3.9370688153933315
2025-05-27 06:00,3.4064121276789603
2025-05-27 07:00,0.8690709533340706
2025-05-27 08:00,1.562503616018267
2025-05-27 09:00,1.5296435786483487
2025-05-27 10:00,1.0778464580756972
2025-05-27 11:00,2.5987768035548537
2025-05-27 12:00,3.9978074751147794
2025-05-27 13:00,2.4274009099268548
2025-05-27 14:00,2.6312090512451487
2025-05-27 15:00,3.0556374321708937
2025-05-27 16:00,2.6056121914717867
2025-05-27 17:00,1.538578280807228
2025-05-27 18:00,0.9267442488922026
2025-05-27 19:00,0.33733168383545853
2025-05-27 20:00,0.21907429188694597
2025-05-27 21:00,0.37095312908632067
2025-05-27 22:00,0.2906725072455555
2025-05-27 23:00,0.6858272218301604
2025-05-28 00:00,0.5343165247441671
2025-05-28 01:00,0.01537138467245347
2025-05-28 02:00,0.07132275103937659
2025-05-28 03:00,0.02208414547648463
2025-05-28 04:00,0.36142045191692007
2025-05-28 05:00,0.2586454062411319
2025-05-28 06:00,0.22823924402388238
2025-05-28 07:00,0.011141782224217078
2025-05-28 08:00,0.0
2025-05-28 09:00,0.011191214121347852
2025-05-28 10:00,0.05002057277029192
2025-05-28 11:00,0.055362224291945594
2025-05-28 12:00,2.3147692957319492
2025-05-28 13:00,4.8058416681570195
2025-05-28 14:00,5.152140782270097
2025-05-28 15:00,3.888341857274992
2025-05-28 16:00,4.05599360063554
2025-05-28 17:00,5.192872912931986
2025-05-28 18:00,4.931067520966406
2025-05-28 19:00,5.519690707799006
2025-05-28 20:00,7.846541399910318
2025-05-28 21:00,2.8941234081590013
2025-05-28 22:00,5.083432142309676
2025-05-28 23:00,2.103751042175788
2025-05-29 00:00,0.6492163818979826
2025-05-29 01:00,0.24370744688828871
2025-05-29 02:00,1.015761292309815
2025-05-29 03:00,1.5125179361243253
2025-05-29 04:00,0.5646835619847799
2025-05-29 05:00,1.1229198814711276
2025-05-29 06:00,0.7247814626348832
2025-05-29 07:00,0.21274903721589708
2025-05-29 08:00,0.12838230522244615
2025-05-29 09:00,0.2953404770262369
2025-05-29 10:00,0.40649781308781724
2025-05-29 11:00,1.1684809993825502
2025-05-29 12:00,5.153441459616325
2025-05-29 13:00,5.629173281800975
2025-05-29 14:00,6.87809892343707
2025-05-29 15:00,14.334089450207404
2025-05-29 16:00,15.789878750366451
2025-05-29 17:00,12.069745701059373
2025-05-29 18:00,12.809069518634008
2025-05-29 19:00,5.981133567839262
2025-05-29 20:00,1.7402922482013428
2025-05-29 21:00,0.9131283722540511
2025-05-29 22:00,0.49903861757655354
2025-05-29 23:00,0.3294715298092785
2025-05-30 00:00,3.173054769425967
2025-05-30 01:00,3.0644666960654727
2025-05-30 02:00,2.5098490577339616
2025-05-30 03:00,1.6401983822052222
2025-05-30 04:00,1.1702615791339182
2025-05-30 05:00,1.1624033608778772
2025-05-30 06:00,1.5464868731168238
2025-05-30 07:00,0.10650668495107762
2025-05-30 08:00,0.06873446098598429
2025-05-30 09:00,0.16626452083853366
2025-05-30 10:00,0.18340158478959348
2025-05-30 11:00,2.3967077433738755
2025-05-30 12:00,4.72327176002665
2025-05-30 13:00,7.386989126049287
2025-05-30 14:00,7.920162791782012
2025-05-30 15:00,9.676612703506036
2025-05-30 16:00,5.1918911289104495
2025-05-30 17:00,6.139995751987906
2025-05-30 18:00,6.727039345304722
2025-05-30 19:00,5.661228664163682
2025-05-30 20:00,2.1866832671457956
2025-05-30 21:00,1.3630880555806986
2025-05-30 22:00,1.0222511921529283
2025-05-30 23:00,1.343432203664214
2025-05-31 00:00,1.1160581848395132
2025-05-31 01:00,1.0493742584999337
2025-05-31 02:00,0.9024935859300736
2025-05-31 03:00,1.1433267989054308
2025-05-31 04:00,0.6566133353967207
2025-05-31 05:00,0.08926463463106427
2025-05-31 06:00,0.1881251248130109
2025-05-31 07:00,0.4093334135247775
2025-05-31 08:00,0.0
2025-05-31 09:00,0.11394561672136572
2025-05-31 10:00,0.07715717324454152
2025-05-31 11:00,0.04441775233574406
2025-05-31 12:00,0.38313275008860564
2025-05-31 13:00,2.161585746100895
2025-05-31 14:00,2.8734673268035946
2025-05-31 15:00,3.98599855060296
2025-05-31 16:00,3.9073861311956
2025-05-31 17:00,1.8721444233303326
2025-05-31 18:00,3.5942685500051645
2025-05-31 19:00,1.6060406123342053
2025-05-31 20:00,0.27419264975102214
2025-05-31 21:00,0.15760758083052806
2025-05-31 22:00,0.0
2025-05-31 23:00,0.007517955214133313
2025-06-01 00:00,0.0
2025-06-01 01:00,0.13259557954492873
2025-06-01 02:00,0.33812179051438057
2025-06-01 03:00,0.30798594784786243
2025-06-01 04:00,0.2808323526794298
2025-06-01 05:00,0.48113579085637787
2025-06-01 06:00,0.13554597456804182
2025-06-01 07:00,0.12902032813275754
2025-06-01 08:00,0.0810435238079712
2025-06-01 09:00,0.0
2025-06-01 10:00,0.04119686854926152
2025-06-01 11:00,0.2466219800440923
2025-06-01 12:00,0.388736180987215
2025-06-01 13:00,1.1144474279100423
2025-06-01 14:00,2.8818474594674433
2025-06-01 15:00,2.8757627698455974
2025-06-01 16:00,3.4627266443118105
2025-06-01 17:00,1.836397079835281
2025-06-01 18:00,0.3751124816859921
2025-06-01 19:00,0.29353703118581
2025-06-01 20:00,0.1851972091427197
2025-06-01 21:00,0.06636519401149654
2025-06-01 22:00,0.6344684714423913
2025-06-01 23:00,0.48250402851546037
2025-06-02 00:00,0.08819303945693205
2025-06-02 01:00,0.11089700155190396
2025-06-02 02:00,0.06723252403369236
2025-06-02 03:00,0.04152490633358558
2025-06-02 04:00,0.0
2025-06-02 05:00,0.06183878143266597
2025-06-02 06:00,0.1060654452046659
2025-06-02 07:00,0.0
2025-06-02 08:00,0.0
2025-06-02 09:00,0.2880377203751052
2025-06-02 10:00,1.5000332871884483
2025-06-02 11:00,3.4461703923108677
2025-06-02 12:00,7.0098604530475
2025-06-02 13:00,0.09228884958536275
2025-06-02 14:00,0.4040941560460566
2025-06-02 15:00,0.7223212433196332
2025-06-02 16:00,2.1823656354012657
2025-06-02 17:00,4.654696197874136
2025-06-02 18:00,10.213891419671
2025-06-02 19:00,9.190080906983653
2025-06-02 20:00,8.084759328025427
2025-06-02 21:00,6.289731451621636
2025-06-02 22:00,8.33374469370051
2025-06-02 23:00,7.1293823570628065
2025-06-03 00:00,4.481452303624829
2025-06-03 01:00,5.033930243516427
2025-06-03 02:00,3.914664391424943
2025-06-03 03:00,2.796892897793488
2025-06-03 04:00,3.255971155149849
2025-06-03 05:00,2.9313594464273214
2025-06-03 06:00,4.671588713260995
2025-06-03 07:00,9.157196765683354
2025-06-03 08:00,9.177041962856514
2025-06-03 09:00,3.9647200569048433
2025-06-03 10:00,5.399596265944314
2025-06-03 11:00,7.576777992318926
2025-06-03 12:00,8.494897640680737
2025-06-03 13:00,10.282228716449314
2025-06-03 14:00,13.402366262431686
2025-06-03 15:00,9.099745039975502
2025-06-03 16:00,12.194298231426314
2025-06-03 17:00,11.706522881045448
2025-06-03 18:00,5.619914415644448
2025-06-03 19:00,5.294062879518295
2025-06-03 20:00,6.920689344528539
2025-06-03 21:00,4.213254446248041
2025-06-03 22:00,5.266158415486263
2025-06-03 23:00,5.247515226248429
2025-06-04 00:00,7.997402208556017
2025-06-04 01:00,8.92746985478233
2025-06-04 02:00,8.85813662544654
2025-06-04 03:00,12.383626021304345
2025-06-04 04:00,14.939976170554393
2025-06-04 05:00,20.726746155527252
2025-06-04 06:00,21.35784082893298
2025-06-04 07:00,15.136026199016094
2025-06-04 08:00,26.196652956307823
2025-06-04 09:00,18.506105258869187
2025-06-04 10:00,9.746300868877357
2025-06-04 11:00,9.120131465998789
2025-06-04 12:00,9.890058714411188
2025-06-04 13:00,8.14889654628885
2025-06-04 14:00,13.90317570347661
2025-06-04 15:00,14.726184271328991
2025-06-04 16:00,17.907336605613935
2025-06-04 17:00,15.814798900347103
2025-06-04 18:00,9.45456941919723
2025-06-04 19:00,11.89252421471118
2025-06-04 20:00,8.594307241674416
2025-06-04 21:00,5.877098825508236
2025-06-04 22:00,4.201645432027869
2025-06-04 23:00,4.305877038384725
2025-06-05 00:00,4.2200477656802375
2025-06-05 01:00,2.9904611923459044
2025-06-05 02:00,3.613685503133786
2025-06-05 03:00,3.5691630024168504
2025-06-05 04:00,3.5756044331679666
2025-06-05 05:00,2.698290915803442
2025-06-05 06:00,3.174145444687591
2025-06-05 07:00,0.4708892715281153
2025-06-05 08:00,0.44091275204178093
2025-06-05 09:00,0.37171970519977576
2025-06-05 10:00,0.5524298847495471
2025-06-05 11:00,1.575622153455085
2025-06-05 12:00,2.6984300282606757
2025-06-05 13:00,4.494673634926204
2025-06-05 14:00,5.894386137360097
2025-06-05 15:00,5.861784634183832
2025-06-05 16:00,7.6955336958966445
2025-06-05 17:00,7.609899491787711
2025-06-05 18:00,12.53858710143462
2025-06-05 19:00,14.5915024409097
2025-06-05 20:00,18.592745485668416
2025-06-05 21:00,21.9145219012974
2025-06-05 22:00,21.77058694216125
2025-06-05 23:00,23.85424203652998
2025-06-06 00:00,16.14162573773253
2025-06-06 01:00,18.324877341022127
2025-06-06 02:00,23.528845806443893
2025-06-06 03:00,24.00496596272974
2025-06-06 04:00,22.533386852286338
2025-06-06 05:00,15.997290476517861
2025-06-06 06:00,15.82904405600171
2025-06-06 07:00,14.676592800848335
2025-06-06 08:00,24.333588233998448
2025-06-06 09:00,24.563669350913344
2025-06-06 10:00,22.200151596188675
2025-06-06 11:00,18.190713844029794
2025-06-06 12:00,13.628366922276188
2025-06-06 13:00,10.898580477667817
2025-06-06 14:00,17.592165398755913
2025-06-06 15:00,19.414507595067384
2025-06-06 16:00,19.433104230453644
2025-06-06 17:00,15.581503606628154
2025-06-06 18:00,12.915764857000607
2025-06-06 19:00,8.347998621337096
2025-06-06 20:00,5.910357060432737
2025-06-06 21:00,3.1185139447202617
2025-06-06 22:00,4.434484994763502
2025-06-06 23:00,6.266349216113532
2025-06-07 00:00,9.371402945588866
2025-06-07 01:00,8.798322672267425
2025-06-07 02:00,9.441058713100738
2025-06-07 03:00,9.014505796552982
2025-06-07 04:00,7.621343381296014
2025-06-07 05:00,5.727098806497966
2025-06-07 06:00,5.9681392730588785
2025-06-07 07:00,5.62268871699649
2025-06-07 08:00,11.907890560231142
2025-06-07 09:00,14.569377907467464
2025-06-07 10:00,18.157592716610424
2025-06-07 11:00,17.256114589028257
2025-06-07 12:00,15.326883925852004
2025-06-07 13:00,13.475444552988073
2025-06-07 14:00,7.169264368636257
2025-06-07 15:00,9.953131281554972
2025-06-07 16:00,6.639221459299362
2025-06-07 17:00,7.8186785793605384
2025-06-07 18:00,3.442459975767316
2025-06-07 19:00,2.7097807848903708
2025-06-07 20:00,0.508730015774656
2025-06-07 21:00,0.4473052887215655
2025-06-07 22:00,0.6439089064342036
2025-06-07 23:00,0.2832399418575475
2025-06-08 00:00,0.034986946172467295
2025-06-08 01:00,0.0
2025-06-08 02:00,0.0
2025-06-08 03:00,0.17709035087254968
2025-06-08 04:00,0.32004555202245927
2025-06-08 05:00,0.7406413099427589
2025-06-08 06:00,1.0115136010303156
2025-06-08 07:00,0.36552620994846724
2025-06-08 08:00,0.446396267813614
2025-06-08 09:00,0.05024152123959502
2025-06-08 10:00,0.07896580067107241
2025-06-08 11:00,0.01743837867634826
2025-06-08 12:00,0.024322449917352884
2025-06-08 13:00,0.7936724184500001
2025-06-08 14:00,2.554244815288913
2025-06-08 15:00,1.6458038054412707
2025-06-08 16:00,2.0123095411757204
2025-06-08 17:00,2.566249773829335
2025-06-08 18:00,1.9327491118980715
2025-06-08 19:00,1.8862121851688096
2025-06-08 20:00,0.7572717640658329
2025-06-08 21:00,0.24184728199554623
2025-06-08 22:00,0.07813287077389924
2025-06-08 23:00,0.0
2025-06-09 00:00,0.18396950017228175
2025-06-09 01:00,0.0
2025-06-09 02:00,0.0
2025-06-09 03:00,0.0
2025-06-09 04:00,0.1293425249727347
2025-06-09 05:00,0.13919950484876675
2025-06-09 06:00,1.1888575982564336
2025-06-09 07:00,2.041484452741519
2025-06-09 08:00,1.5627934642892225
2025-06-09 09:00,1.4809983928013826
2025-06-09 10:00,0.9707545779396745
2025-06-09 11:00,0.46282211552513547
2025-06-09 12:00,1.1029816696776567
2025-06-09 13:00,2.40748953263014
2025-06-09 14:00,3.9364947916366058
2025-06-09 15:00,2.9117105930941167
2025-06-09 16:00,3.8667887902173566
2025-06-09 17:00,2.853866751001772
2025-06-09 18:00,2.2414773751483836
2025-06-09 19:00,1.3527229037757889
2025-06-09 20:00,0.30489227720902035
2025-06-09 21:00,0.2085645696451645
2025-06-09 22:00,0.031660197687996224
2025-06-09 23:00,0.8128705433664047
2025-06-10 00:00,0.1796639596955401
2025-06-10 01:00,0.25000347695826153
2025-06-10 02:00,0.3341211853040724
2025-06-10 03:00,5.252240261340347
2025-06-10 04:00,9.406062248566517
2025-06-10 05:00,14.434717258024017
2025-06-10 06:00,10.014965830804854
2025-06-10 07:00,5.49346097478505
2025-06-10 08:00,3.388517241491098
2025-06-10 09:00,3.1545697961900454
2025-06-10 10:00,1.141418406473465
2025-06-10 11:00,1.2438142718418732
2025-06-10 12:00,3.087613507757921
2025-06-10 13:00,5.597139382233834
2025-06-10 14:00,6.272844848241339
2025-06-10 15:00,6.800157077721135
2025-06-10 16:00,6.050466119019618
2025-06-10 17:00,5.535089886169074
2025-06-10 18:00,5.476746371500026
2025-06-10 19:00,3.408518150620363
2025-06-10 20:00,2.000090156671656
2025-06-10 21:00,3.649669260863221
2025-06-10 22:00,0.7501329186625956
2025-06-10 23:00,3.0926666606236357
2025-06-11 00:00,3.4045778791412777
2025-06-11 01:00,2.8767556866844153
2025-06-11 02:00,4.222617714514555
2025-06-11 03:00,4.449369572155134
2025-06-11 04:00,2.3934664289790155
2025-06-11 05:00,1.9869268344097788
2025-06-11 06:00,0.8701189836999673
2025-06-11 07:00,2.428467108469479
2025-06-11 08:00,1.4114476289696458
2025-06-11 09:00,1.656445080623632
2025-06-11 10:00,2.430961982366671
2025-06-11 11:00,7.479566261067965
2025-06-11 12:00,8.522373298069894
2025-06-11 13:00,8.408368345994756
2025-06-11 14:00,8.601832191317833
2025-06-11 15:00,11.625173981588535
2025-06-11 16:00,11.200600444978221
2025-06-11 17:00,7.352143129541204
2025-06-11 18:00,8.58869193505667
2025-06-11 19:00,5.6166062591399495
2025-06-11 20:00,1.6889291725038138
2025-06-11 21:00,0.6607610651261445
2025-06-11 22:00,0.26300482398137204
2025-06-11 23:00,0.214247952952562
2025-06-12 00:00,1.3818861172226573
2025-06-12 01:00,4.501439548610333
2025-06-12 02:00,1.3449636490939507
2025-06-12 03:00,0.20168480209548045
2025-06-12 04:00,0.7249984560155449
2025-06-12 05:00,0.5632608901383962
2025-06-12 06:00,0.4818234491921277
2025-06-12 07:00,0.16055816040425414
2025-06-12 08:00,0.16125460600564612
2025-06-12 09:00,0.6893836458122549
2025-06-12 10:00,0.2808968667781786
2025-06-12 11:00,0.3524557921663478
2025-06-12 12:00,0.5196317122186445
2025-06-12 13:00,0.388883823919125
2025-06-12 14:00,0.6450307472430118
2025-06-12 15:00,0.0
2025-06-12 16:00,2.181914189938525
2025-06-12 17:00,1.2657591316991863
2025-06-12 18:00,0.6508053955213091
2025-06-12 19:00,0.47828781748916627
2025-06-12 20:00,1.8145541332218136
2025-06-12 21:00,1.1556599007016952
2025-06-12 22:00,0.24584824305509437
2025-06-12 23:00,0.08949667875910244
2025-06-13 00:00,0.09045381150600415
2025-06-13 01:00,0.24924544227533807
2025-06-13 02:00,0.004333819694136931
2025-06-13 03:00,0.10664929170257212
2025-06-13 04:00,0.0
2025-06-13 05:00,0.25637582106796325
2025-06-13 06:00,0.523647418447035
2025-06-13 07:00,1.0249028807793383
2025-06-13 08:00,1.4399656621510317
2025-06-13 09:00,1.1231907401045413
2025-06-13 10:00,0.4519683558789411
2025-06-13 11:00,0.33896722822667236
2025-06-13 12:00,0.0
2025-06-13 13:00,1.6426020092708402
2025-06-13 14:00,3.312581255964627
2025-06-13 15:00,3.5659258227015522
2025-06-13 16:00,6.819352032583984
2025-06-13 17:00,2.632025718516725
2025-06-13 18:00,2.527026511890437
2025-06-13 19:00,3.993061755393629
2025-06-13 20:00,4.8652219604773945
2025-06-13 21:00,6.328694582691264
2025-06-13 22:00,9.320411021212635
2025-06-13 23:00,13.976882758012477
2025-06-14 00:00,13.662159196592887
2025-06-14 01:00,18.537317634604193
2025-06-14 02:00,15.460895398682641
2025-06-14 03:00,26.91882144679286
2025-06-14 04:00,33.35514783823708
2025-06-14 05:00,28.193304793630908
2025-06-14 06:00,35.839274857564504
2025-06-14 07:00,32.39425225819728
2025-06-14 08:00,22.639255089005147
2025-06-14 09:00,33.019149082760165
2025-06-14 10:00,32.88223813677518
2025-06-14 11:00,32.089001314818894
2025-06-14 12:00,33.032316541538705
2025-06-14 13:00,26.414215696683883
2025-06-14 14:00,15.874820741447342
2025-06-14 15:00,14.92798711116043
2025-06-14 16:00,11.88575276197005
2025-06-14 17:00,7.198185092799102
2025-06-14 18:00,4.2447868337768995
2025-06-14 19:00,3.417262471457429
2025-06-14 20:00,2.54770869266138
2025-06-14 21:00,0.1820133473285885
2025-06-14 22:00,0.0
2025-06-14 23:00,0.03241547552764379
2025-06-15 00:00,0.7610202156853643
2025-06-15 01:00,2.0024184014566258
2025-06-15 02:00,1.8651657527408938
2025-06-15 03:00,1.7941151588141482
2025-06-15 04:00,3.562155614048189
2025-06-15 05:00,1.3770543879845039
2025-06-15 06:00,3.0462458392980163
2025-06-15 07:00,2.612349712682799
2025-06-15 08:00,3.653172884429663
2025-06-15 09:00,4.941882608260652
2025-06-15 10:00,4.81671332882706
2025-06-15 11:00,10.11505682269174
2025-06-15 12:00,22.72500809455532
2025-06-15 13:00,19.870654576469775
2025-06-15 14:00,23.139710869643398
2025-06-15 15:00,41.01891099995667
2025-06-15 16:00,41.920970513700766
2025-06-15 17:00,44.00950748239646
2025-06-15 18:00,41.10201276774814
2025-06-15 19:00,42.463849256045634
2025-06-15 20:00,46.88081188133939
2025-06-15 21:00,44.080151840121715
2025-06-15 22:00,45.20441168753919
2025-06-15 23:00,36.91934346541242
2025-06-16 00:00,40.49823169363015
2025-06-16 01:00,39.879371588992
2025-06-16 02:00,40.37470493389425
2025-06-16 03:00,42.1283353430042
2025-06-16 04:00,37.65631017417498
2025-06-16 05:00,35.53503056251044
2025-06-16 06:00,35.8164805210144
2025-06-16 07:00,36.2845093497523
2025-06-16 08:00,36.79409265610374
2025-06-16 09:00,36.59955302580024
2025-06-16 10:00,36.826419143560756
2025-06-16 11:00,42.85084272218784
2025-06-16 12:00,39.889525842620664
2025-06-16 13:00,40.49010422762494
2025-06-16 14:00,41.55348645452195
2025-06-16 15:00,41.00111232713605
2025-06-16 16:00,44.14250659328465
2025-06-16 17:00,46.89490201961784
2025-06-16 18:00,49.708251017045434
2025-06-16 19:00,42.991733459101084
2025-06-16 20:00,44.847446551598686
2025-06-16 21:00,46.526255479879865
2025-06-16 22:00,48.32244309193656
2025-06-16 23:00,46.265634937853534
2025-06-17 00:00,40.15960058973618
2025-06-17 01:00,44.8073505692864
2025-06-17 02:00,47.46388402912324
2025-06-17 03:00,48.51840906699064
2025-06-17 04:00,46.70449938463565
2025-06-17 05:00,44.903465615952356
2025-06-17 06:00,44.57435141362329
2025-06-17 07:00,41.99538807679329
2025-06-17 08:00,40.00370351028991
2025-06-17 09:00,41.38629361293927
2025-06-17 10:00,37.539273841639165
2025-06-17 11:00,43.42585371481412
2025-06-17 12:00,41.14957887088471
2025-06-17 13:00,39.03487060088341
2025-06-17 14:00,40.17443481416289
2025-06-17 15:00,40.16931823115445
2025-06-17 16:00,38.59355682948891
2025-06-17 17:00,38.18750912924176
2025-06-17 18:00,36.25947196298395
2025-06-17 19:00,34.499661295845705
2025-06-17 20:00,34.195907264147934
2025-06-17 21:00,28.074973357070448
2025-06-17 22:00,18.95107163459425
2025-06-17 23:00,14.60971243191078
2025-06-18 00:00,22.87457905969462
2025-06-18 01:00,21.290123355996034
2025-06-18 02:00,19.75043167024269
2025-06-18 03:00,19.147915471826817
2025-06-18 04:00,8.318105700972822
2025-06-18 05:00,5.472509135154964
2025-06-18 06:00,3.26253356573191
2025-06-18 07:00,1.9877341199026992
2025-06-18 08:00,0.8706817448184945
2025-06-18 09:00,0.17051691274569905
2025-06-18 10:00,0.1297364274262989
2025-06-18 11:00,0.15608101678282268
2025-06-18 12:00,0.27335404797425994
2025-06-18 13:00,0.3565916566580204
2025-06-18 14:00,0.9142587995609848
2025-06-18 15:00,1.831970482025667
2025-06-18 16:00,1.7736711917148402
2025-06-18 17:00,0.40492671608217506
2025-06-18 18:00,0.7683487173575562
2025-06-18 19:00,0.3153523063368558
2025-06-18 20:00,0.4702535315844695
2025-06-18 21:00,0.880315033447989
2025-06-18 22:00,1.6913380919520926
2025-06-18 23:00,2.639953902143959
2025-06-19 00:00,3.4705884889074943
2025-06-19 01:00,4.276196541632826
2025-06-19 02:00,3.508841810969673
2025-06-19 03:00,3.619335395902273
2025-06-19 04:00,1.9972063631147967
2025-06-19 05:00,2.0521851641151163
2025-06-19 06:00,0.5009877201509629
2025-06-19 07:00,1.4631589629201582
2025-06-19 08:00,1.8847104556968293
2025-06-19 09:00,1.2713882900556992
2025-06-19 10:00,2.213456304451082
2025-06-19 11:00,2.7252065774028775
2025-06-19 12:00,2.3332815430031255
2025-06-19 13:00,2.3247746340142266
2025-06-19 14:00,4.259086097426062
2025-06-19 15:00,4.447662398208548
2025-06-19 16:00,11.479421872183435
2025-06-19 17:00,14.730513904690486
2025-06-19 18:00,16.44336975848523
2025-06-19 19:00,16.663896381775466
2025-06-19 20:00,24.226797166601184
2025-06-19 21:00,29.81186757707374
2025-06-19 22:00,33.96562796576554
2025-06-19 23:00,37.19416838709323
2025-06-20 00:00,37.793432240439905
2025-06-20 01:00,42.536448206876415
2025-06-20 02:00,40.008324098979855
2025-06-20 03:00,41.252279010699866
2025-06-20 04:00,40.66995476277643
2025-06-20 05:00,39.964594222122344
2025-06-20 06:00,39.97951650592731
2025-06-20 07:00,47.72430468416201
2025-06-20 08:00,45.5316658325939
2025-06-20 09:00,50.62970256415742
2025-06-20 10:00,51.36175971610197
2025-06-20 11:00,50.337881461974746
2025-06-20 12:00,50.95326998496128
2025-06-20 13:00,47.83424173956068
2025-06-20 14:00,50.69245676847922
2025-06-20 15:00,51.350940150895845
2025-06-20 16:00,53.37258450428146
2025-06-20 17:00,52.03119854694839
2025-06-20 18:00,51.199597792858576
2025-06-20 19:00,52.236251747764086
2025-06-20 20:00,51.47557095322406
2025-06-20 21:00,51.727406816254
2025-06-20 22:00,52.31170530767185
2025-06-20 23:00,53.89480686983776
2025-06-21 00:00,43.45105217761085
2025-06-21 01:00,43.46761516616967
2025-06-21 02:00,42.12278536009502
2025-06-21 03:00,41.38800420462292
2025-06-21 04:00,40.20053170708241
2025-06-21 05:00,38.54573589017576
2025-06-21 06:00,44.65652233348193
2025-06-21 07:00,41.83938941159646
2025-06-21 08:00,42.81989605505125
2025-06-21 09:00,38.25683270813282
2025-06-21 10:00,41.861066485589944
2025-06-21 11:00,40.48412746196619
2025-06-21 12:00,36.172122478638066
2025-06-21 13:00,36.2664563972773
2025-06-21 14:00,41.13232844675019
2025-06-21 15:00,46.35755173832341
2025-06-21 16:00,48.390868797576786
2025-06-21 17:00,28.980037738120892
2025-06-21 18:00,22.578622148276615
2025-06-21 19:00,14.939979936029987
2025-06-21 20:00,7.168362647763094
2025-06-21 21:00,2.8489529061193375
2025-06-21 22:00,0.42181884184295726
2025-06-21 23:00,0.37181215990694777
2025-06-22 00:00,1.415728316569743
2025-06-22 01:00,0.21067646897164544
2025-06-22 02:00,0.6522126037922431
2025-06-22 03:00,0.17500432202554295
2025-06-22 04:00,0.0
2025-06-22 05:00,0.13374775445614367
2025-06-22 06:00,0.22406416228275733
2025-06-22 07:00,0.0318545710516247
2025-06-22 08:00,0.0613911331286546
2025-06-22 09:00,0.021038104458318906
2025-06-22 10:00,0.11033892013238668
2025-06-22 11:00,0.1516283595170049
2025-06-22 12:00,0.8663974263182047
2025-06-22 13:00,1.3467170891237836
2025-06-22 14:00,1.9263112103923956
2025-06-22 15:00,2.803129898104768
2025-06-22 16:00,2.853860621993522
2025-06-22 17:00,2.5344545685499913
2025-06-22 18:00,1.497398380481076
2025-06-22 19:00,0.5074151546841063
2025-06-22 20:00,0.2786500894553703
2025-06-22 21:00,0.0
2025-06-22 22:00,0.21510306383190625
2025-06-22 23:00,0.0019923802309873076
2025-06-23 00:00,0.0
2025-06-23 01:00,0.0
2025-06-23 02:00,0.0
2025-06-23 03:00,0.3922255987855666
2025-06-23 04:00,0.15744095847026118
2025-06-23 05:00,0.6031202676030571
2025-06-23 06:00,0.7463476278477787
2025-06-23 07:00,0.5981285089462711
2025-06-23 08:00,0.41646492647352945
2025-06-23 09:00,0.32349213745158284
2025-06-23 10:00,1.0153468450106553
2025-06-23 11:00,2.90488409298844
2025-06-23 12:00,3.6425131119446035
2025-06-23 13:00,2.59740808922623
2025-06-23 14:00,3.492292691497064
2025-06-23 15:00,2.4053413142880067
2025-06-23 16:00,3.8568642419186068
2025-06-23 17:00,3.395649259261093
2025-06-23 18:00,3.9730248487230826
2025-06-23 19:00,3.7270000575056272
2025-06-23 20:00,0.8016847973697665
2025-06-23 21:00,2.5863508488760103
2025-06-23 22:00,0.0
2025-06-23 23:00,0.6819639561418849
2025-06-24 00:00,2.2723895733110298
2025-06-24 01:00,1.424082606619778
2025-06-24 02:00,0.93686321242749
2025-06-24 03:00,0.008378947400766945
2025-06-24 04:00,2.2791023925612643
2025-06-24 05:00,1.7725769533559945
2025-06-24 06:00,0.8265850039298819
2025-06-24 07:00,0.08827666215498053
2025-06-24 08:00,1.541142236824739
2025-06-24 09:00,0.7721047738482119
2025-06-24 10:00,0.7063608323340202
2025-06-24 11:00,0.0
2025-06-24 12:00,0.0
2025-06-24 13:00,0.23448700350364415
2025-06-24 14:00,0.0
2025-06-24 15:00,0.0
2025-06-24 16:00,0.0
2025-06-24 17:00,0.0
2025-06-24 18:00,0.0
2025-06-24 19:00,0.0
2025-06-24 20:00,0.16141806032495784
2025-06-24 21:00,0.2248260457687032
2025-06-24 22:00,0.8954218872251043
2025-06-24 23:00,0.05981880026548538
2025-06-25 00:00,1.6955356113671138
2025-06-25 01:00,0.7608551001449202
2025-06-25 02:00,1.1427159649489251
2025-06-25 03:00,0.49286344406136706
2025-06-25 04:00,0.0708586283536623
2025-06-25 05:00,2.141885617690966
2025-06-25 06:00,4.384837213079162
2025-06-25 07:00,5.932486565302086
2025-06-25 08:00,7.037221073013882
2025-06-25 09:00,3.085943920266014
2025-06-25 10:00,3.1557026341865146
2025-06-25 11:00,7.438163919339489
2025-06-25 12:00,15.689597940038919
2025-06-25 13:00,11.406620463060035
2025-06-25 14:00,12.017142037988794
2025-06-25 15:00,14.104563430375265
2025-06-25 16:00,22.127166938362507
2025-06-25 17:00,19.523204414286127
2025-06-25 18:00,21.502463041397366
2025-06-25 19:00,26.72957246967836
2025-06-25 20:00,18.121404074710604
2025-06-25 21:00,14.33867816479121
2025-06-25 22:00,8.676256087255481
2025-06-25 23:00,8.226914710963312
2025-06-26 00:00,14.450116721959272
2025-06-26 01:00,10.464759912155138
2025-06-26 02:00,6.623785967151356
2025-06-26 03:00,10.798714888596514
2025-06-26 04:00,9.688309996302287
2025-06-26 05:00,3.121962006409243
2025-06-26 06:00,3.750027855337718
2025-06-26 07:00,1.4957570584610238
2025-06-26 08:00,2.3009498478496724
2025-06-26 09:00,0.40506633457106855
2025-06-26 10:00,0.6078550162204724
2025-06-26 11:00,0.18659138219039886
2025-06-26 12:00,0.159796564711769
2025-06-26 13:00,0.58667826900093
2025-06-26 14:00,1.2989213629122185
2025-06-26 15:00,1.226775480268423
2025-06-26 16:00,0.9987621737726518
2025-06-26 17:00,0.8430140116007463
2025-06-26 18:00,0.9570334806952259
2025-06-26 19:00,0.7739032020517496
2025-06-26 20:00,0.4605511487575336
2025-06-26 21:00,0.18446714834437777
2025-06-26 22:00,0.0
2025-06-26 23:00,0.4768987752565905
2025-06-27 00:00,0.5996211074734545
2025-06-27 01:00,0.1507265543420223
2025-06-27 02:00,0.0
2025-06-27 03:00,0.24324270343954105
2025-06-27 04:00,0.06188695980427342
2025-06-27 05:00,0.0
2025-06-27 06:00,0.07281326838071772
2025-06-27 07:00,0.0
2025-06-27 08:00,0.16715869259166594
2025-06-27 09:00,0.3399145953489561
2025-06-27 10:00,0.7882972141196959
2025-06-27 11:00,0.2823078655919694
2025-06-27 12:00,0.23973088145579335
2025-06-27 13:00,0.25911867410596956
2025-06-27 14:00,0.1651043948064766
2025-06-27 15:00,0.2640847446320884
2025-06-27 16:00,0.17135692831314478
2025-06-27 17:00,0.24515675653382388
2025-06-27 18:00,0.2300413708526909
2025-06-27 19:00,0.48177368511421037
2025-06-27 20:00,0.9466577516742625
2025-06-27 21:00,1.3759516146726738
2025-06-27 22:00,0.958107223353226
2025-06-27 23:00,1.5218295613953892
2025-06-28 00:00,8.782213610937749
2025-06-28 01:00,6.669358661828248
2025-06-28 02:00,4.57743944732051
2025-06-28 03:00,3.4411355770907455
2025-06-28 04:00,2.219305484521062
2025-06-28 05:00,2.3687433703234047
2025-06-28 06:00,2.062973768719263
2025-06-28 07:00,2.30305728447649
2025-06-28 08:00,2.3624327770438818
2025-06-28 09:00,3.8057873686650137
2025-06-28 10:00,8.95635550846896
2025-06-28 11:00,10.48359595470637
2025-06-28 12:00,13.288090532265304
2025-06-28 13:00,11.89309157287084
2025-06-28 14:00,12.810561965877172
2025-06-28 15:00,13.275090244588863
2025-06-28 16:00,17.1491825390925
2025-06-28 17:00,17.911538043986297
2025-06-28 18:00,15.14845316844366
2025-06-28 19:00,14.281046931832032
2025-06-28 20:00,10.248961548973918
2025-06-28 21:00,8.406333363236499
2025-06-28 22:00,4.770995869973884
2025-06-28 23:00,3.983753820880227
2025-06-29 00:00,7.666473085812664
2025-06-29 01:00,6.196001562577466
2025-06-29 02:00,13.187678736066598
2025-06-29 03:00,10.155616083790143
2025-06-29 04:00,5.56230742880646
2025-06-29 05:00,3.7795640092118754
2025-06-29 06:00,0.6820384738186243
2025-06-29 07:00,0.3756087500004657
2025-06-29 08:00,1.736198100789885
2025-06-29 09:00,3.7398434108405123
2025-06-29 10:00,7.188659293218387
2025-06-29 11:00,9.508474196534026
2025-06-29 12:00,7.330223689059668
2025-06-29 13:00,8.266515494368644
2025-06-29 14:00,11.28115521595383
2025-06-29 15:00,12.748843723038314
2025-06-29 16:00,15.395119902208314
2025-06-29 17:00,17.06308884274559
2025-06-29 18:00,18.881540191042106
2025-06-29 19:00,13.329518134571034
2025-06-29 20:00,9.477542244815101
2025-06-29 21:00,4.598892322764094
2025-06-29 22:00,1.583088970023574
2025-06-29 23:00,1.227426135860489
2025-06-30 00:00,1.0167069426739794
2025-06-30 01:00,1.0177224580774737
2025-06-30 02:00,0.3781109291692004
2025-06-30 03:00,0.12883970337058423
2025-06-30 04:00,0.2516947376530599
2025-06-30 05:00,0.1042000987623175
2025-06-30 06:00,0.11543396212786516
2025-06-30 07:00,0.07757273227442228
2025-06-30 08:00,0.15193638444143104
2025-06-30 09:00,0.13263963742048943
2025-06-30 10:00,0.48152864338943613
2025-06-30 11:00,0.9358813376791373
2025-06-30 12:00,4.075413828009445
2025-06-30 13:00,6.907275173971007
2025-06-30 14:00,5.834172610031844
2025-06-30 15:00,9.493338707095766
2025-06-30 16:00,10.044677911646433
2025-06-30 17:00,9.611288289226898
2025-06-30 18:00,4.550604685444882
2025-06-30 19:00,3.1082866113444227
2025-06-30 20:00,1.8199828410990346
2025-06-30 21:00,0.32031893511867754
2025-06-30 22:00,0.31771300389222645
2025-06-30 23:00,0.2525013725947849
2025-07-01 00:00,0.38100669269566323
2025-07-01 01:00,1.3068456030420035
2025-07-01 02:00,0.14990181206205355
2025-07-01 03:00,0.2959851586213996
2025-07-01 04:00,0.06529576666096215
2025-07-01 05:00,0.8074894869241405
2025-07-01 06:00,0.8709531576465478
2025-07-01 07:00,1.3697726846408618
2025-07-01 08:00,2.9754815058226565
2025-07-01 09:00,3.418375169813122
2025-07-01 10:00,5.847976942572893
2025-07-01 11:00,5.002357075507014
2025-07-01 12:00,5.542484534958414
2025-07-01 13:00,5.398193362749334
2025-07-01 14:00,6.330992521394513
2025-07-01 15:00,4.941264233697112
2025-07-01 16:00,5.03554333338284
2025-07-01 17:00,4.55312017283924
2025-07-01 18:00,4.582953116820141
2025-07-01 19:00,4.077764380453223
2025-07-01 20:00,1.940147710350992
2025-07-01 21:00,1.8723063983081185
2025-07-01 22:00,1.0085536164613567
2025-07-01 23:00,0.7556771771575732
2025-07-02 00:00,4.040762747254826
2025-07-02 01:00,9.799301706464217
2025-07-02 02:00,6.388047104336548
2025-07-02 03:00,5.67537295394387
2025-07-02 04:00,4.222614898631209
2025-07-02 05:00,4.298792387626076
2025-07-02 06:00,2.0917063314407187
2025-07-02 07:00,3.218996328375569
2025-07-02 08:00,5.764384724256279
2025-07-02 09:00,15.304253427263404
2025-07-02 10:00,14.166313381262423
2025-07-02 11:00,6.387807116701109
2025-07-02 12:00,10.12758137907698
2025-07-02 13:00,6.763571448989898
2025-07-02 14:00,7.506272909085244
2025-07-02 15:00,8.540446771434784
2025-07-02 16:00,5.773875483743247
2025-07-02 17:00,6.613795637983726
2025-07-02 18:00,3.8792533754796152
2025-07-02 19:00,7.678218936020376
2025-07-02 20:00,4.183603609190157
2025-07-02 21:00,3.1615104480056013
2025-07-02 22:00,1.569648164822162
2025-07-02 23:00,2.7022229155089272
2025-07-03 00:00,3.3799189321543386
2025-07-03 01:00,3.609672654361725
2025-07-03 02:00,3.63605775211323
2025-07-03 03:00,4.428609213788721
2025-07-03 04:00,8.80480896602882
2025-07-03 05:00,7.154268221354372
2025-07-03 06:00,7.705761721664283
2025-07-03 07:00,6.991505568967832
2025-07-03 08:00,12.342755403057204
2025-07-03 09:00,6.884097227003359
2025-07-03 10:00,10.030306245159085
2025-07-03 11:00,10.430594352658916
2025-07-03 12:00,8.11894055287399
2025-07-03 13:00,7.430224246688075
2025-07-03 14:00,8.26899051582709
2025-07-03 15:00,7.884912541101927
2025-07-03 16:00,8.094773728416389
2025-07-03 17:00,9.3271102537151
2025-07-03 18:00,11.834015817310135
2025-07-03 19:00,18.48792160211116
2025-07-03 20:00,12.854936914621828
2025-07-03 21:00,9.431692419120054
2025-07-03 22:00,13.77663920083386
2025-07-03 23:00,9.208742840742794
2025-07-04 00:00,12.956585583945294
2025-07-04 01:00,18.56354989852494
2025-07-04 02:00,25.038543935375976
2025-07-04 03:00,27.669692132259357
2025-07-04 04:00,31.530325906949535
2025-07-04 05:00,29.359994944615327
2025-07-04 06:00,29.722547344521466
2025-07-04 07:00,24.804826917380332
2025-07-04 08:00,32.75259424744454
2025-07-04 09:00,34.25199355345708
2025-07-04 10:00,30.05630191299018
2025-07-04 11:00,31.222590936231583
2025-07-04 12:00,30.957233143015326
2025-07-04 13:00,31.577686445653246
2025-07-04 14:00,23.305293928131405
2025-07-04 15:00,32.628919777161336
2025-07-04 16:00,30.123523697359992
2025-07-04 17:00,29.275522914570182
2025-07-04 18:00,31.38920485733156
2025-07-04 19:00,29.739918195305652
2025-07-04 20:00,31.58098228805266
2025-07-04 21:00,29.941199053152573
2025-07-04 22:00,25.676408728663993
2025-07-04 23:00,28.215157483698
2025-07-05 00:00,16.278407003927786
2025-07-05 01:00,22.478574334361824
2025-07-05 02:00,22.586136677328632
2025-07-05 03:00,21.551389076023174
2025-07-05 04:00,23.661159899997013
2025-07-05 05:00,16.04294523170464
2025-07-05 06:00,16.737979841037383
2025-07-05 07:00,26.961803481026074
2025-07-05 08:00,26.75562859515953
2025-07-05 09:00,26.763142403883606
2025-07-05 10:00,18.554294744497295
2025-07-05 11:00,20.629056999391686
2025-07-05 12:00,27.777682600392545
2025-07-05 13:00,25.243157130992618
2025-07-05 14:00,21.795327598630063
2025-07-05 15:00,17.826365825159954
2025-07-05 16:00,13.266873990020414
2025-07-05 17:00,13.16542807391761
2025-07-05 18:00,20.562646840606256
2025-07-05 19:00,27.875912106126307
2025-07-05 20:00,24.639857027941492
2025-07-05 21:00,12.712473347397154
2025-07-05 22:00,12.78077129649375
2025-07-05 23:00,17.5524659436778
2025-07-06 00:00,16.088651854549983
2025-07-06 01:00,14.167970358995085
2025-07-06 02:00,21.124950418566012
2025-07-06 03:00,23.463990228385008
2025-07-06 04:00,13.425035298935613
2025-07-06 05:00,10.963386287811282
2025-07-06 06:00,11.114464799408875
2025-07-06 07:00,10.214108324816499
2025-07-06 08:00,13.847486210771232
2025-07-06 09:00,11.415235899448884
2025-07-06 10:00,6.559754574599064
2025-07-06 11:00,6.6179126695319646
2025-07-06 12:00,6.333583960972211
2025-07-06 13:00,7.103351300111681
2025-07-06 14:00,5.942600929927218
2025-07-06 15:00,7.1016021356828425
2025-07-06 16:00,8.753619810947143
2025-07-06 17:00,9.260718755002872
2025-07-06 18:00,8.50633899483665
2025-07-06 19:00,15.824073996552512
2025-07-06 20:00,7.147743347036501
2025-07-06 21:00,8.342095192721358
2025-07-06 22:00,9.169562921025916
2025-07-06 23:00,7.822152749679305
2025-07-07 00:00,6.112069514800699
2025-07-07 01:00,5.585520310535842
2025-07-07 02:00,4.567299282801637
2025-07-07 03:00,4.288350907437744
2025-07-07 04:00,2.778035380434004
2025-07-07 05:00,0.6410903449224334
2025-07-07 06:00,0.16037875812679042
2025-07-07 07:00,0.02882123493507327
2025-07-07 08:00,0.001220785609601982
2025-07-07 09:00,0.0
2025-07-07 10:00,0.0
2025-07-07 11:00,0.0
2025-07-07 12:00,0.2299611247635745
2025-07-07 13:00,0.4151283662198939
2025-07-07 14:00,2.0325823391573867
2025-07-07 15:00,3.728048314733817
2025-07-07 16:00,3.88085727979316
2025-07-07 17:00,3.141095124872875
2025-07-07 18:00,3.1697901428719613
2025-07-07 19:00,3.4816372316955517
2025-07-07 20:00,3.319992716522523
2025-07-07 21:00,1.7222097962522684
2025-07-07 22:00,0.2812715704433844
2025-07-07 23:00,0.8957356031637917
2025-07-08 00:00,0.006374474623061483
2025-07-08 01:00,0.7612053608277671
2025-07-08 02:00,0.8510559669018795
2025-07-08 03:00,2.8599259375695656
2025-07-08 04:00,1.8069831815542938
2025-07-08 05:00,0.8502084431422954
2025-07-08 06:00,0.5333090327863416
2025-07-08 07:00,0.1195014847045813
2025-07-08 08:00,0.16112440342578724
2025-07-08 09:00,0.33168876954643983
2025-07-08 10:00,0.029581247969133258
2025-07-08 11:00,0.4307673624677545
2025-07-08 12:00,0.3210539025005599
2025-07-08 13:00,1.6147684764520938
2025-07-08 14:00,6.856427886206149
2025-07-08 15:00,3.377539897122391
2025-07-08 16:00,5.126859851496939
2025-07-08 17:00,5.254676631804018
2025-07-08 18:00,6.2790205560392724
2025-07-08 19:00,6.595846642099092
2025-07-08 20:00,8.17209576947338
2025-07-08 21:00,5.600200029842368
2025-07-08 22:00,0.5609612198371702
2025-07-08 23:00,2.66041690023029
2025-07-09 00:00,0.08576132935006466
2025-07-09 01:00,0.14489066272072543
2025-07-09 02:00,0.0
2025-07-09 03:00,0.2891939995504695
2025-07-09 04:00,0.13490649904625948
2025-07-09 05:00,0.2971814802777221
2025-07-09 06:00,0.0
2025-07-09 07:00,0.6521193781997989
2025-07-09 08:00,0.49861222907321096
2025-07-09 09:00,0.0
2025-07-09 10:00,0.2876784760065547
2025-07-09 11:00,0.6648612543324657
2025-07-09 12:00,0.5410723128233523
2025-07-09 13:00,1.5101872919967747
2025-07-09 14:00,4.715157106935401
2025-07-09 15:00,5.52626629568225
2025-07-09 16:00,4.74068245686893
2025-07-09 17:00,2.5035131773818105
2025-07-09 18:00,1.8027004288806494
2025-07-09 19:00,0.046305474819739456
2025-07-09 20:00,0.0
2025-07-09 21:00,0.09403837539650227
2025-07-09 22:00,0.4895172203805617
2025-07-09 23:00,0.9798084277977199
2025-07-10 00:00,0.0
2025-07-10 01:00,0.15997536668462325
2025-07-10 02:00,0.2666769489985167
2025-07-10 03:00,0.5289878816535127
2025-07-10 04:00,0.15912637040179378
2025-07-10 05:00,1.4937092526315519
2025-07-10 06:00,0.9367887598238376
2025-07-10 07:00,2.580472086891173
2025-07-10 08:00,0.9719242481409769
2025-07-10 09:00,0.5294493735601233
2025-07-10 10:00,5.056991038637572
2025-07-10 11:00,2.710279254297081
2025-07-10 12:00,5.73666432807251
2025-07-10 13:00,9.98659587039295
2025-07-10 14:00,21.277582030741684
2025-07-10 15:00,21.916511520075666
2025-07-10 16:00,14.273423702587014
2025-07-10 17:00,21.176373854209533
2025-07-10 18:00,21.34234562381994
2025-07-10 19:00,21.24323536167772
2025-07-10 20:00,16.15714759883558
2025-07-10 21:00,17.878412280974253
2025-07-10 22:00,10.322550793498317
2025-07-10 23:00,10.071624461174123
2025-07-11 00:00,9.135546308198489
2025-07-11 01:00,6.883421605404042
2025-07-11 02:00,11.29217805992683
2025-07-11 03:00,10.113878192350786
2025-07-11 04:00,9.47368098370163
2025-07-11 05:00,9.619649410399582
2025-07-11 06:00,9.30109298943186
2025-07-11 07:00,8.994455293970429
2025-07-11 08:00,7.93230743220357
2025-07-11 09:00,9.626992923599651
2025-07-11 10:00,4.607706023535763
2025-07-11 11:00,4.340146355614546
2025-07-11 12:00,6.063764894598701
2025-07-11 13:00,6.133617842379077
2025-07-11 14:00,7.2412719895953135
2025-07-11 15:00,5.971201058423057
2025-07-11 16:00,9.649146185636049
2025-07-11 17:00,13.617744312185797
2025-07-11 18:00,11.9008826290336
2025-07-11 19:00,16.528279070918035
2025-07-11 20:00,16.243010618466286
2025-07-11 21:00,15.386649577137593
2025-07-11 22:00,16.280957721613984
2025-07-11 23:00,9.78718043208864
2025-07-12 00:00,2.723461053723444
2025-07-12 01:00,1.96593740773297
2025-07-12 02:00,1.3652616178106989
2025-07-12 03:00,3.5964490369165802
2025-07-12 04:00,3.8341944204600744
2025-07-12 05:00,1.9815948672119836
2025-07-12 06:00,2.4308199351954056
2025-07-12 07:00,2.567466312317939
2025-07-12 08:00,0.4588521172965273
2025-07-12 09:00,0.06339187295627229
2025-07-12 10:00,0.1437124910056145
2025-07-12 11:00,0.25471189478887396
2025-07-12 12:00,0.33195151544725665
2025-07-12 13:00,0.7699190009516069
2025-07-12 14:00,1.519601027080217
2025-07-12 15:00,4.2298247677918095
2025-07-12 16:00,3.717391733040908
2025-07-12 17:00,2.2299782821778225
2025-07-12 18:00,1.239289305658205
2025-07-12 19:00,0.5203537755773746
2025-07-12 20:00,0.2628249109857096
2025-07-12 21:00,0.21250112257501824
2025-07-12 22:00,0.2561418729409516
2025-07-12 23:00,0.0
2025-07-13 00:00,0.025466696438051162
2025-07-13 01:00,0.0
2025-07-13 02:00,0.16971180336999991
2025-07-13 03:00,0.30443272294448864
2025-07-13 04:00,0.16617591016177136
2025-07-13 05:00,0.2534036922487657
2025-07-13 06:00,0.16930514652021025
2025-07-13 07:00,0.09153597345649674
2025-07-13 08:00,0.0
2025-07-13 09:00,0.0
2025-07-13 10:00,0.0
2025-07-13 11:00,0.0
2025-07-13 12:00,0.1989958687649504
2025-07-13 13:00,0.9148150816227334
2025-07-13 14:00,0.655134688258656
2025-07-13 15:00,0.554246198983026
2025-07-13 16:00,0.059419501667876594
2025-07-13 17:00,0.06756448782685742
2025-07-13 18:00,0.21036710765262756
2025-07-13 19:00,0.0
2025-07-13 20:00,0.5434616080388847
2025-07-13 21:00,0.22212222742574939
2025-07-13 22:00,0.0
2025-07-13 23:00,1.6108970233062356
2025-07-14 00:00,1.3093561528401327
2025-07-14 01:00,1.3375240316134294
2025-07-14 02:00,2.3596376288862846
2025-07-14 03:00,1.3505839888522826
2025-07-14 04:00,1.6875130250751522
2025-07-14 05:00,2.6147171275620047
2025-07-14 06:00,3.147341768800439
2025-07-14 07:00,2.3973873060771633
2025-07-14 08:00,2.708570848956697
2025-07-14 09:00,7.130906915619244
2025-07-14 10:00,5.823201938782411
2025-07-14 11:00,4.3080061832369285
2025-07-14 12:00,7.30798694440292
2025-07-14 13:00,9.419097444836932
2025-07-14 14:00,14.244758287782547
2025-07-14 15:00,17.832933128642072
2025-07-14 16:00,20.066505693500886
2025-07-14 17:00,23.028570148386727
2025-07-14 18:00,24.09258260455406
2025-07-14 19:00,18.744042462714514
2025-07-14 20:00,17.392868338954692
2025-07-14 21:00,9.637920831961864
2025-07-14 22:00,12.154951765938586
2025-07-14 23:00,13.110527782593932
2025-07-15 00:00,5.659230314411197
2025-07-15 01:00,17.235263286094426
2025-07-15 02:00,11.843700940323778
2025-07-15 03:00,12.075777996659138
2025-07-15 04:00,6.541651650048792
2025-07-15 05:00,4.92287575962867
2025-07-15 06:00,8.562030554282984
2025-07-15 07:00,17.089389983119194
2025-07-15 08:00,29.395818332676953
2025-07-15 09:00,31.356886857067074
2025-07-15 10:00,38.0738456254884
2025-07-15 11:00,25.229224954782584
2025-07-15 12:00,16.711262887554643
2025-07-15 13:00,12.997481082631795
2025-07-15 14:00,17.69743000736584
2025-07-15 15:00,20.381804588693576
2025-07-15 16:00,18.28173139598176
2025-07-15 17:00,14.887402331604152
2025-07-15 18:00,12.583773869668333
2025-07-15 19:00,7.398637060862358
2025-07-15 20:00,10.971365109960784
2025-07-15 21:00,10.011937995695618
2025-07-15 22:00,4.039996293435736
2025-07-15 23:00,11.990734701287787
2025-07-16 00:00,9.621844369140604
2025-07-16 01:00,11.648175099721476
2025-07-16 02:00,14.976041729623157
2025-07-16 03:00,11.95605938756997
2025-07-16 04:00,13.015329660386218
2025-07-16 05:00,16.007272760912404
2025-07-16 06:00,19.474686099838095
2025-07-16 07:00,29.43367945548328
2025-07-16 08:00,31.226887640601873
2025-07-16 09:00,33.759226135290504
2025-07-16 10:00,23.967664676127516
2025-07-16 11:00,26.2710072052269
2025-07-16 12:00,34.53411816534289
2025-07-16 13:00,36.157534059993466
2025-07-16 14:00,39.16806344640685
2025-07-16 15:00,36.01130648009899
2025-07-16 16:00,41.094212243979946
2025-07-16 17:00,48.211639910761285
2025-07-16 18:00,45.88194670101726
2025-07-16 19:00,52.80610086927048
2025-07-16 20:00,52.1970464828644
2025-07-16 21:00,48.7703865886957
2025-07-16 22:00,45.85033007489037
2025-07-16 23:00,44.26369655340075
2025-07-17 00:00,50.009080283855596
2025-07-17 01:00,51.56107423838137
2025-07-17 02:00,51.26445730835326
2025-07-17 03:00,48.25018861308985
2025-07-17 04:00,47.39911427134055
2025-07-17 05:00,47.501628695168996
2025-07-17 06:00,48.85706226693319
2025-07-17 07:00,49.808566517284206
2025-07-17 08:00,49.86521093673816
2025-07-17 09:00,41.62858186611812
2025-07-17 10:00,43.28431534436201
2025-07-17 11:00,31.4611631708841
2025-07-17 12:00,28.903344857241635
2025-07-17 13:00,21.56736448025914
2025-07-17 14:00,24.165929378732365
2025-07-17 15:00,18.91539079859371
2025-07-17 16:00,32.73668341982507
2025-07-17 17:00,44.33983806099504
2025-07-17 18:00,37.74556799394867
2025-07-17 19:00,44.240926334665474
2025-07-17 20:00,46.41584273862
2025-07-17 21:00,49.59420054420603
2025-07-17 22:00,49.62024842619252
2025-07-17 23:00,50.57002638548555
2025-07-18 00:00,44.12949694108536
2025-07-18 01:00,37.00114291622545
2025-07-18 02:00,43.44009129449829
2025-07-18 03:00,38.89447266162445
2025-07-18 04:00,43.13991125520764
2025-07-18 05:00,35.085960197561704
2025-07-18 06:00,35.65592723488639
2025-07-18 07:00,33.523380112003515
2025-07-18 08:00,36.756381424682914
2025-07-18 09:00,29.405252651166613
2025-07-18 10:00,26.620467513477717
2025-07-18 11:00,19.080846189104435
2025-07-18 12:00,12.923514748769396
2025-07-18 13:00,12.297396834918214
2025-07-18 14:00,10.582220694113234
2025-07-18 15:00,7.764127560594087
2025-07-18 16:00,12.801625810010623
2025-07-18 17:00,9.676777173552038
2025-07-18 18:00,4.022134138847385
2025-07-18 19:00,3.8896850849927667
2025-07-18 20:00,3.716712849841695
2025-07-18 21:00,2.3617366537374496
2025-07-18 22:00,3.667676679722663
2025-07-18 23:00,2.334023738640804
2025-07-19 00:00,24.807203114584333
2025-07-19 01:00,27.728218978113137
2025-07-19 02:00,31.785199872783842
2025-07-19 03:00,34.89195859926261
2025-07-19 04:00,38.02992660510946
2025-07-19 05:00,35.80491698865664
2025-07-19 06:00,37.77449931247296
2025-07-19 07:00,39.93438481569795
2025-07-19 08:00,44.7937731740911
2025-07-19 09:00,22.19030602753315
2025-07-19 10:00,23.721527263078812
2025-07-19 11:00,35.32766693815188
2025-07-19 12:00,47.687539175187155
2025-07-19 13:00,49.688816114387016
2025-07-19 14:00,41.28642743995779
2025-07-19 15:00,30.439685224822433
2025-07-19 16:00,35.63725783286457
2025-07-19 17:00,40.71688980904508
2025-07-19 18:00,40.10943892782091
2025-07-19 19:00,34.688256097071374
2025-07-19 20:00,42.22805632504068
2025-07-19 21:00,37.643703892720225
2025-07-19 22:00,33.058020742964786
2025-07-19 23:00,31.926572885154535
2025-07-20 00:00,26.6160178302344
2025-07-20 01:00,25.1112062158803
2025-07-20 02:00,15.866023380675614
2025-07-20 03:00,21.95763527251441
2025-07-20 04:00,21.67877234707914
2025-07-20 05:00,19.462439857502456
2025-07-20 06:00,23.004940760376744
2025-07-20 07:00,28.737864528470137
2025-07-20 08:00,31.874130005638158
2025-07-20 09:00,29.534922934974137
2025-07-20 10:00,22.692298269502746
2025-07-20 11:00,16.996968989925833
2025-07-20 12:00,16.827190547580898
2025-07-20 13:00,13.318572517305777
2025-07-20 14:00,11.076108251688014
2025-07-20 15:00,10.331549459641339
2025-07-20 16:00,7.776445564280772
2025-07-20 17:00,11.355566292379992
2025-07-20 18:00,11.658056736410781
2025-07-20 19:00,12.152272534560435
2025-07-20 20:00,10.683368116599077
2025-07-20 21:00,9.00755096551713
2025-07-20 22:00,11.172016927697562
2025-07-20 23:00,20.599585477840883
2025-07-21 00:00,16.038914972166648
2025-07-21 01:00,23.072124958849443
2025-07-21 02:00,21.055804166203064
2025-07-21 03:00,17.88984509646381
2025-07-21 04:00,16.918026588758313
2025-07-21 05:00,9.882533810018906
2025-07-21 06:00,13.244699281600017
2025-07-21 07:00,10.11155156232644
2025-07-21 08:00,15.073382346315256
2025-07-21 09:00,23.335929747689214
2025-07-21 10:00,13.311263231705434
2025-07-21 11:00,13.281170984531576
2025-07-21 12:00,12.688807647080747
2025-07-21 13:00,3.356726694522371
2025-07-21 14:00,5.302237266606444
2025-07-21 15:00,5.112775709351126
2025-07-21 16:00,2.1019714888091525
2025-07-21 17:00,3.7880722836299956
2025-07-21 18:00,2.976529463513958
2025-07-21 19:00,1.7066183896284481
2025-07-21 20:00,0.8679806858681114
2025-07-21 21:00,0.9161674759534214
2025-07-21 22:00,2.516116503326817
2025-07-21 23:00,1.514020805303435
2025-07-22 00:00,1.0834975924842147
2025-07-22 01:00,0.12054535773082353
2025-07-22 02:00,0.23122393104972633
2025-07-22 03:00,1.3220271595098978
2025-07-22 04:00,1.4805668881243734
2025-07-22 05:00,0.5477636287503436
2025-07-22 06:00,0.46298059178990913
2025-07-22 07:00,0.449534484288602
2025-07-22 08:00,0.41474892203802693
2025-07-22 09:00,0.7529296089418944
2025-07-22 10:00,0.7417308462968835
2025-07-22 11:00,1.1338157678725191
2025-07-22 12:00,1.013024104691584
2025-07-22 13:00,0.5396829240079523
2025-07-22 14:00,2.2058159248387272
2025-07-22 15:00,2.0477220297315912
2025-07-22 16:00,1.757373934121871
2025-07-22 17:00,1.2238470237357315
2025-07-22 18:00,1.2051065391850821
2025-07-22 19:00,0.3835570866134119
2025-07-22 20:00,0.3833342936370254
2025-07-22 21:00,0.3109730404781201
2025-07-22 22:00,0.0
2025-07-22 23:00,0.10427626941919008
2025-07-23 00:00,0.06330726862017488
2025-07-23 01:00,0.12178845374244673
2025-07-23 02:00,0.0
2025-07-23 03:00,0.05938273085733406
2025-07-23 04:00,0.09996774417312662
2025-07-23 05:00,0.0
2025-07-23 06:00,0.0019014828362935365
2025-07-23 07:00,0.0
2025-07-23 08:00,0.12981604135629143
2025-07-23 09:00,0.02317066760601737
2025-07-23 10:00,0.08169505951186892
2025-07-23 11:00,0.0
2025-07-23 12:00,0.5719477631375325
2025-07-23 13:00,1.7435946615692879
2025-07-23 14:00,1.7568392218900604
2025-07-23 15:00,3.025321728419317
2025-07-23 16:00,2.8876596992802783
2025-07-23 17:00,3.530544023096659
2025-07-23 18:00,4.153064487481771
2025-07-23 19:00,2.7813027066580447
2025-07-23 20:00,2.3367296607169834
2025-07-23 21:00,0.5432833211591587
2025-07-23 22:00,0.399755377613954
2025-07-23 23:00,0.6074357462285604
2025-07-24 00:00,0.022599954228190458
2025-07-24 01:00,0.06634212956062754
2025-07-24 02:00,0.0
2025-07-24 03:00,0.06200348100575821
2025-07-24 04:00,0.45650125159416594
2025-07-24 05:00,0.8577743480113064
2025-07-24 06:00,0.46644045513705834
2025-07-24 07:00,0.20084792867263773
2025-07-24 08:00,0.09562896588297207
2025-07-24 09:00,0.005014592843106205
2025-07-24 10:00,0.030259554993064194
2025-07-24 11:00,0.19033981007943124
2025-07-24 12:00,0.646187825815874
2025-07-24 13:00,1.9370611029394653
2025-07-24 14:00,2.921560942303011
2025-07-24 15:00,3.1053276344347904
2025-07-24 16:00,3.612805597152853
2025-07-24 17:00,5.077680936225128
2025-07-24 18:00,7.902835194250221
2025-07-24 19:00,6.800259773986287
2025-07-24 20:00,5.331668696908004
2025-07-24 21:00,1.9203803346804926
2025-07-24 22:00,0.23281447312809933
2025-07-24 23:00,0.31295108942092564
2025-07-25 00:00,0.24346366283486717
2025-07-25 01:00,0.41967404623620114
2025-07-25 02:00,0.0658810962479599
2025-07-25 03:00,0.36144712150858643
2025-07-25 04:00,0.2633240254194546
2025-07-25 05:00,0.3504708195025625
2025-07-25 06:00,0.37621506354458234
2025-07-25 07:00,0.42372858701856414
2025-07-25 08:00,0.285484097058643
2025-07-25 09:00,0.17173571060295845
2025-07-25 10:00,0.2041849437000846
2025-07-25 11:00,0.3540091923028193
2025-07-25 12:00,0.07310801970589209
2025-07-25 13:00,0.6640056514517525
2025-07-25 14:00,1.9548651864115347
2025-07-25 15:00,2.1181326685666595
2025-07-25 16:00,4.387072967404237
2025-07-25 17:00,4.571098462206725
2025-07-25 18:00,4.972642223562962
2025-07-25 19:00,0.7754218558452634
2025-07-25 20:00,0.0
2025-07-25 21:00,0.2977499087196217
2025-07-25 22:00,0.532246923227038
2025-07-25 23:00,0.7744018991346479
2025-07-26 00:00,0.046420921191286504
2025-07-26 01:00,0.7254485280714901
2025-07-26 02:00,0.9365360599119049
2025-07-26 03:00,2.1581880605489694
2025-07-26 04:00,1.11356422635329
2025-07-26 05:00,1.7039572592771035
2025-07-26 06:00,0.9369655721107032
2025-07-26 07:00,0.7862738539683403
2025-07-26 08:00,1.6486401684846046
2025-07-26 09:00,2.402702853412907
2025-07-26 10:00,4.429258855547468
2025-07-26 11:00,4.787796589111584
2025-07-26 12:00,7.636722014304987
2025-07-26 13:00,7.251660760639481
2025-07-26 14:00,9.642155825023455
2025-07-26 15:00,9.16616414389405
2025-07-26 16:00,8.98691550820129
2025-07-26 17:00,14.20137593277658
2025-07-26 18:00,11.158831314152843
2025-07-26 19:00,8.453264140561663
2025-07-26 20:00,9.534004527871032
2025-07-26 21:00,4.542057289413631
2025-07-26 22:00,4.340074868765173
2025-07-26 23:00,4.350904141556103
2025-07-27 00:00,1.3832667114214678
2025-07-27 01:00,2.575537972237111
2025-07-27 02:00,4.586313005523732
2025-07-27 03:00,3.1700098484219725
2025-07-27 04:00,3.247889423776348
2025-07-27 05:00,3.3016125828659026
2025-07-27 06:00,1.7273051877857712
2025-07-27 07:00,1.8510119723214151
2025-07-27 08:00,0.8856077071314029
2025-07-27 09:00,1.219493736230418
2025-07-27 10:00,1.1897717160254835
2025-07-27 11:00,0.6317656410872876
2025-07-27 12:00,1.153688651321014
2025-07-27 13:00,2.476737330154563
2025-07-27 14:00,3.2908529330075336
2025-07-27 15:00,3.766948842717711
2025-07-27 16:00,4.469025771771403
2025-07-27 17:00,3.2322310263068927
2025-07-27 18:00,0.7705146070755928
2025-07-27 19:00,0.8749027654075927
2025-07-27 20:00,0.09460415893257183
2025-07-27 21:00,0.49161929325031967
2025-07-27 22:00,0.3764417046609897
2025-07-27 23:00,0.05870162325584022
2025-07-28 00:00,0.0
2025-07-28 01:00,0.07007068860242224
2025-07-28 02:00,0.09794414761783077
2025-07-28 03:00,0.09412741576062852
2025-07-28 04:00,0.042487574995408006
2025-07-28 05:00,0.0
2025-07-28 06:00,0.0
2025-07-28 07:00,0.005727142428964327
2025-07-28 08:00,0.0
2025-07-28 09:00,0.0
2025-07-28 10:00,0.0
2025-07-28 11:00,0.17094230665709564
2025-07-28 12:00,1.736872868765663
2025-07-28 13:00,2.8849979679500946
2025-07-28 14:00,3.790239595016476
2025-07-28 15:00,3.7376143385238962
2025-07-28 16:00,4.208129783808379
2025-07-28 17:00,4.105470416814432
2025-07-28 18:00,5.004866913388197
2025-07-28 19:00,2.185134534046664
2025-07-28 20:00,1.1187206060886936
2025-07-28 21:00,0.4874358864221058
2025-07-28 22:00,0.27496690895314246
2025-07-28 23:00,0.2931099017946386
2025-07-29 00:00,0.0
2025-07-29 01:00,0.0
2025-07-29 02:00,0.0
2025-07-29 03:00,0.09405474479940568
2025-07-29 04:00,0.25293292494592634
2025-07-29 05:00,0.23700835554128377
2025-07-29 06:00,0.24622097471011872
2025-07-29 07:00,0.0
2025-07-29 08:00,0.11886536961195066
2025-07-29 09:00,0.0
2025-07-29 10:00,0.044620635258093316
2025-07-29 11:00,0.0
2025-07-29 12:00,0.19496630137825643
2025-07-29 13:00,0.12005258548250025
2025-07-29 14:00,0.7367702141105402
2025-07-29 15:00,3.701910496095563
2025-07-29 16:00,3.7823908235631265
2025-07-29 17:00,0.9144245851228989
2025-07-29 18:00,0.8119361036144886
2025-07-29 19:00,0.0
2025-07-29 20:00,0.2701092663779384
2025-07-29 21:00,0.1636493606594463
2025-07-29 22:00,0.0
2025-07-29 23:00,0.03589360430226733
2025-07-30 00:00,0.187629815351246
2025-07-30 01:00,0.03205931883642377
2025-07-30 02:00,0.0
2025-07-30 03:00,0.0
2025-07-30 04:00,0.07400311043413915
2025-07-30 05:00,0.032343584633181655
2025-07-30 06:00,0.07163789232605369
2025-07-30 07:00,0.003806543750608467
2025-07-30 08:00,0.04261530923883669
2025-07-30 09:00,0.08652452330872903
2025-07-30 10:00,0.07043153783068232
2025-07-30 11:00,0.46279967330144534
2025-07-30 12:00,1.1827196620121714
2025-07-30 13:00,2.161258401725088
2025-07-30 14:00,1.9797983450508223
2025-07-30 15:00,1.5744635105727047
2025-07-30 16:00,3.175780052064396
2025-07-30 17:00,6.201860071467118
2025-07-30 18:00,3.6134980067751767
2025-07-30 19:00,7.613315313173278
2025-07-30 20:00,12.674200640884619
2025-07-30 21:00,6.036419972811186
2025-07-30 22:00,4.667854893130055
2025-07-30 23:00,5.5246309400805815
2025-07-31 00:00,4.570669482158679
2025-07-31 01:00,3.423656582753221
2025-07-31 02:00,3.1421857149331833
2025-07-31 03:00,1.513616802910589
2025-07-31 04:00,0.9827239474392888
2025-07-31 05:00,0.2993392259107315
2025-07-31 06:00,0.21635669427566248
2025-07-31 07:00,0.0
2025-07-31 08:00,0.54298928202218
2025-07-31 09:00,0.7277772528883523
2025-07-31 10:00,0.8499156652108151
2025-07-31 11:00,0.26936810278506085
2025-07-31 12:00,1.4891830226341494
2025-07-31 13:00,1.3343688214203169
2025-07-31 14:00,1.7325110976436937
2025-07-31 15:00,3.394638375284095
2025-07-31 16:00,2.3870206415587916
2025-07-31 17:00,2.4911946662211113
2025-07-31 18:00,1.25672857568956
2025-07-31 19:00,0.12551874578360636
2025-07-31 20:00,0.0
2025-07-31 21:00,0.4355910537681365
2025-07-31 22:00,0.20842785074428338
2025-07-31 23:00,0.6478459040697302
2025-08-01 00:00,0.0
2025-08-01 01:00,0.3998033167452195
2025-08-01 02:00,0.4146207696043912
2025-08-01 03:00,0.3690821433797563
2025-08-01 04:00,0.7376337856714271
2025-08-01 05:00,0.592787204420926
2025-08-01 06:00,1.3657747863797938
2025-08-01 07:00,0.31803201098079525
2025-08-01 08:00,0.05075323471532022
2025-08-01 09:00,0.034477589458314584
2025-08-01 10:00,0.0006018886236360821
2025-08-01 11:00,0.010506856685728372
2025-08-01 12:00,0.0
2025-08-01 13:00,0.028631051875310898
2025-08-01 14:00,0.717954556026128
2025-08-01 15:00,1.5709385381723808
2025-08-01 16:00,0.9622448291923176
2025-08-01 17:00,0.7984655745918612
2025-08-01 18:00,0.7971262134002985
2025-08-01 19:00,0.013195195868488876
2025-08-01 20:00,0.08785648992733984
2025-08-01 21:00,0.0770808041224249
2025-08-01 22:00,0.03809884368681374
2025-08-01 23:00,0.26091154983611525
2025-08-02 00:00,0.33139859597919974
2025-08-02 01:00,0.0
2025-08-02 02:00,0.07021194121761798
2025-08-02 03:00,0.11839906567887898
2025-08-02 04:00,0.09460342177093917
2025-08-02 05:00,0.028498870680015775
2025-08-02 06:00,0.2439511034751538
2025-08-02 07:00,0.0
2025-08-02 08:00,0.007928263884706988
2025-08-02 09:00,0.0
2025-08-02 10:00,0.006238143544603978
2025-08-02 11:00,0.1062534376486178
2025-08-02 12:00,0.09571669616036414
2025-08-02 13:00,0.8570640620832756
2025-08-02 14:00,1.2023755774479452
2025-08-02 15:00,1.9534852058654504
2025-08-02 16:00,2.095627524004592
2025-08-02 17:00,1.6762759808199976
2025-08-02 18:00,0.7311930467279082
2025-08-02 19:00,0.08348567606612235
2025-08-02 20:00,0.14334463089625227
2025-08-02 21:00,0.1016687999918675
2025-08-02 22:00,0.0
2025-08-02 23:00,0.06620849510585236
2025-08-03 00:00,0.1096079903373055
2025-08-03 01:00,0.25223786466854503
2025-08-03 02:00,0.14239786126136644
2025-08-03 03:00,0.07549479707884316
2025-08-03 04:00,0.039521614483401524
2025-08-03 05:00,0.06438527722085607
2025-08-03 06:00,0.0
2025-08-03 07:00,0.0
2025-08-03 08:00,0.13003796156850855
2025-08-03 09:00,0.0
2025-08-03 10:00,0.0
2025-08-03 11:00,0.7528231738283117
2025-08-03 12:00,1.3669458944218507
2025-08-03 13:00,3.8205149766514395
2025-08-03 14:00,0.0
2025-08-03 15:00,3.718120262708178
2025-08-03 16:00,1.989449703124408
2025-08-03 17:00,1.313938741739763
2025-08-03 18:00,0.6279183936222932
2025-08-03 19:00,0.5179377840035037
2025-08-03 20:00,0.9428004374447982
2025-08-03 21:00,1.873346611803591
2025-08-03 22:00,7.2882976244178
2025-08-03 23:00,20.941754880283597
2025-08-04 00:00,44.80896350246633
2025-08-04 01:00,46.39296006988482
2025-08-04 02:00,42.155695946366805
2025-08-04 03:00,40.43554508910741
2025-08-04 04:00,39.951397547376956
2025-08-04 05:00,39.73220362412069
2025-08-04 06:00,37.312013133221186
2025-08-04 07:00,31.599906039956863
2025-08-04 08:00,27.630542154473275
2025-08-04 09:00,32.94164850819477
2025-08-04 10:00,30.729117478509288
2025-08-04 11:00,31.895756710210215
2025-08-04 12:00,33.7254214380645
2025-08-04 13:00,35.650065831606135
2025-08-04 14:00,39.06020460294167
2025-08-04 15:00,36.80459710862036
2025-08-04 16:00,37.82762321263006
2025-08-04 17:00,31.631223830385647
2025-08-04 18:00,32.29857234450452
2025-08-04 19:00,33.68373299512041
2025-08-04 20:00,34.46002207134064
2025-08-04 21:00,33.368186130471784
2025-08-04 22:00,27.810914416317807
2025-08-04 23:00,27.647099900767298
2025-08-05 00:00,2.0648155783133086
2025-08-05 01:00,1.0217365417283941
2025-08-05 02:00,0.22865821364286126
2025-08-05 03:00,0.03837023667977668
2025-08-05 04:00,0.2528879723147013
2025-08-05 05:00,0.5568706763115475
2025-08-05 06:00,0.3722225963052539
2025-08-05 07:00,0.34013995126391183
2025-08-05 08:00,2.0146002964939758
2025-08-05 09:00,0.7325625133960584
2025-08-05 10:00,1.1553072232034127
2025-08-05 11:00,3.179248694008421
2025-08-05 12:00,4.803367131805237
2025-08-05 13:00,7.009380371272165
2025-08-05 14:00,5.354140907265362
2025-08-05 15:00,13.194368828076623
2025-08-05 16:00,21.49179764191624
2025-08-05 17:00,19.783629773204144
2025-08-05 18:00,22.956906355453217
2025-08-05 19:00,38.537490531657724
2025-08-05 20:00,38.702212919131206
2025-08-05 21:00,40.123471371328364
2025-08-05 22:00,40.529105155994294
2025-08-05 23:00,44.443319879582496
2025-08-06 00:00,39.22374406824248
2025-08-06 01:00,39.4392409507155
2025-08-06 02:00,40.24092731089364
2025-08-06 03:00,38.15617487531421
2025-08-06 04:00,35.041587417205
2025-08-06 05:00,35.89868516928929
2025-08-06 06:00,39.126310471708386
2025-08-06 07:00,37.95801522766001
2025-08-06 08:00,39.96609031837451
2025-08-06 09:00,37.46321849447954
2025-08-06 10:00,39.88359690522131
2025-08-06 11:00,36.785723390828494
2025-08-06 12:00,33.38571818216585
2025-08-06 13:00,40.53991897934973
2025-08-06 14:00,38.796648989508626
2025-08-06 15:00,38.88927892533665
2025-08-06 16:00,36.113510987298646
2025-08-06 17:00,36.327291209589006
2025-08-06 18:00,37.24117988292665
2025-08-06 19:00,30.714692032316588
2025-08-06 20:00,24.7925355820239
2025-08-06 21:00,21.713329277057284
2025-08-06 22:00,15.870465904568258
2025-08-06 23:00,7.248770584444804
2025-08-07 00:00,3.4077718417810834
2025-08-07 01:00,2.9046830201238025
2025-08-07 02:00,1.610879152777595
2025-08-07 03:00,0.6991967713735948
2025-08-07 04:00,0.2499710068615304
2025-08-07 05:00,0.04357234871821658
2025-08-07 06:00,0.7330215190547245
2025-08-07 07:00,0.021865471092685444
2025-08-07 08:00,1.7554206085978001
2025-08-07 09:00,1.4955803845638034
2025-08-07 10:00,2.3818239960599064
2025-08-07 11:00,3.4309426754300323
2025-08-07 12:00,4.307257279026299
2025-08-07 13:00,5.762813111698499
2025-08-07 14:00,5.679613170020258
2025-08-07 15:00,5.2658113952310845
2025-08-07 16:00,4.932940969718598
2025-08-07 17:00,4.490244977582641
2025-08-07 18:00,2.1996357475157255
2025-08-07 19:00,1.6693963555143752
2025-08-07 20:00,0.7480265805973109
2025-08-07 21:00,0.2819173204951464
2025-08-07 22:00,0.49259263589998525
2025-08-07 23:00,0.09457840844279264
2025-08-08 00:00,0.08897814268833504
2025-08-08 01:00,0.2475564183474227
2025-08-08 02:00,0.44188528747687944
2025-08-08 03:00,0.06830232377213576
2025-08-08 04:00,0.2337878564412888
2025-08-08 05:00,0.02961357927206354
2025-08-08 06:00,0.0
2025-08-08 07:00,0.0023623410259965005
2025-08-08 08:00,0.0
2025-08-08 09:00,0.03513534941399656
2025-08-08 10:00,0.013855195327330927
2025-08-08 11:00,0.0
2025-08-08 12:00,0.05189047107816451
2025-08-08 13:00,0.23611582004199072
2025-08-08 14:00,1.4705330870158866
2025-08-08 15:00,0.9850650817409624
2025-08-08 16:00,1.724312175560734
2025-08-08 17:00,0.8375875043688064
2025-08-08 18:00,0.3375510940609083
2025-08-08 19:00,0.0
2025-08-08 20:00,0.08022035580892879
2025-08-08 21:00,0.06801419962824465
2025-08-08 22:00,0.0
2025-08-08 23:00,0.041307250975953134
2025-08-09 00:00,0.3523745119847909
2025-08-09 01:00,0.02569780114075244
2025-08-09 02:00,0.0
2025-08-09 03:00,0.30387901988301586
2025-08-09 04:00,0.5061254133580899
2025-08-09 05:00,0.454899957783786
2025-08-09 06:00,0.20000128195248856
2025-08-09 07:00,0.42951264628738306
2025-08-09 08:00,0.3033970142974739
2025-08-09 09:00,0.3753457883137727
2025-08-09 10:00,0.47389658469002677
2025-08-09 11:00,0.7920912116590603
2025-08-09 12:00,1.3646989525383213
2025-08-09 13:00,0.3840105225893933
2025-08-09 14:00,6.010862397835385
2025-08-09 15:00,19.075596259811928
2025-08-09 16:00,22.089059559565627
2025-08-09 17:00,29.181841548823634
2025-08-09 18:00,29.807479795945817
2025-08-09 19:00,24.237522350411396
2025-08-09 20:00,18.767751418381398
2025-08-09 21:00,24.501025762055114
2025-08-09 22:00,20.19644521331188
2025-08-09 23:00,20.567931756711264
2025-08-10 00:00,8.355702923417807
2025-08-10 01:00,14.754208531332477
2025-08-10 02:00,10.368808380929444
2025-08-10 03:00,21.539886882137356
2025-08-10 04:00,21.027218779147915
2025-08-10 05:00,25.325089985969516
2025-08-10 06:00,27.33783751611483
2025-08-10 07:00,26.535835539555563
2025-08-10 08:00,33.07515107851738
2025-08-10 09:00,36.78459598643627
2025-08-10 10:00,32.46675411434712
2025-08-10 11:00,30.65817337041866
2025-08-10 12:00,32.36308075582499
2025-08-10 13:00,29.606552575269422
2025-08-10 14:00,27.951855846484236
2025-08-10 15:00,15.625933154342917
2025-08-10 16:00,20.344879575606942
2025-08-10 17:00,11.205935448419616
2025-08-10 18:00,3.7071215797982324
2025-08-10 19:00,2.9922397464416024
2025-08-10 20:00,1.420290617561623
2025-08-10 21:00,0.45628044252841876
2025-08-10 22:00,0.15039351268349033
2025-08-10 23:00,0.004674439949588827
2025-08-11 00:00,0.0
2025-08-11 01:00,0.0
2025-08-11 02:00,0.09104055144184964
2025-08-11 03:00,0.045942596268568225
2025-08-11 04:00,0.0
2025-08-11 05:00,0.0031387518338679833
2025-08-11 06:00,0.12025220556768067
2025-08-11 07:00,0.07511012338283599
2025-08-11 08:00,0.01697350364695529
2025-08-11 09:00,0.07218282390036168
2025-08-11 10:00,0.20949178267942628
2025-08-11 11:00,0.771810425928309
2025-08-11 12:00,1.717718705656639
2025-08-11 13:00,0.5721129483496509
2025-08-11 14:00,0.2845363376633993
2025-08-11 15:00,5.0785735925071505
2025-08-11 16:00,6.311047698263279
2025-08-11 17:00,6.287571318288602
2025-08-11 18:00,6.378656153127232
2025-08-11 19:00,4.834195906962567
2025-08-11 20:00,2.448663932235146
2025-08-11 21:00,2.5204688892078138
2025-08-11 22:00,3.2329676727371224
2025-08-11 23:00,0.7175175486637808
2025-08-12 00:00,0.12063387453993507
2025-08-12 01:00,0.0
2025-08-12 02:00,0.21194586738326834
2025-08-12 03:00,0.22202079321933593
2025-08-12 04:00,0.05525406756975556
2025-08-12 05:00,0.2561361487626463
2025-08-12 06:00,0.22486498445576952
2025-08-12 07:00,0.0
2025-08-12 08:00,0.06850864522755212
2025-08-12 09:00,0.06528436470712813
2025-08-12 10:00,1.3409349154301062
2025-08-12 11:00,1.9599297699907898
2025-08-12 12:00,2.6250439590574564
2025-08-12 13:00,6.152142802222827
2025-08-12 14:00,5.781800339126001
2025-08-12 15:00,8.872769463022387
2025-08-12 16:00,9.742269900745685
2025-08-12 17:00,15.879894590397429
2025-08-12 18:00,23.81886674278676
2025-08-12 19:00,18.797620899653122
2025-08-12 20:00,17.800176898907697
2025-08-12 21:00,15.87800416119568
2025-08-12 22:00,13.216994334425667
2025-08-12 23:00,18.7376194898304
2025-08-13 00:00,29.68832758082728
2025-08-13 01:00,29.05822844705026
2025-08-13 02:00,31.123804357839788
2025-08-13 03:00,32.970094296903056
2025-08-13 04:00,32.22706111512424
2025-08-13 05:00,35.58931990661327
2025-08-13 06:00,39.561879883383824
2025-08-13 07:00,42.15486119732427
2025-08-13 08:00,43.31321981210072
2025-08-13 09:00,44.2501641610975
2025-08-13 10:00,36.35932034176442
2025-08-13 11:00,36.626564360911445
2025-08-13 12:00,41.88391271620568
2025-08-13 13:00,38.04538381733222
2025-08-13 14:00,38.62944056297688
2025-08-13 15:00,37.74763530612856
2025-08-13 16:00,35.859462922607065
2025-08-13 17:00,37.14298379537404
2025-08-13 18:00,32.604472573509774
2025-08-13 19:00,35.15583492737251
2025-08-13 20:00,27.066940177216203
2025-08-13 21:00,31.099971386533134
2025-08-13 22:00,30.268635299801797
2025-08-13 23:00,27.84365097184721
2025-08-14 00:00,31.672706484858693
2025-08-14 01:00,32.418720858768914
2025-08-14 02:00,24.27485014611728
2025-08-14 03:00,27.488116912104218
2025-08-14 04:00,27.308947077726884
2025-08-14 05:00,26.557510254328538
2025-08-14 06:00,19.21843316192489
2025-08-14 07:00,21.40600893925156
2025-08-14 08:00,25.63647967624635
2025-08-14 09:00,18.05257593316174
2025-08-14 10:00,16.84476047025517
2025-08-14 11:00,12.557811580689084
2025-08-14 12:00,12.679496131334696
2025-08-14 13:00,11.530262693060328
2025-08-14 14:00,6.720260511212093
2025-08-14 15:00,7.56984231455258
2025-08-14 16:00,7.511024534139692
2025-08-14 17:00,7.691972849054223
2025-08-14 18:00,9.183778228063336
2025-08-14 19:00,7.689273278698186
2025-08-14 20:00,4.770037300810458
2025-08-14 21:00,0.5708079265502151
2025-08-14 22:00,1.823029173288028
2025-08-14 23:00,1.1475726311035275
2025-08-15 00:00,0.004104027551082141
2025-08-15 01:00,0.1514631434567093
2025-08-15 02:00,0.04025566428849446
2025-08-15 03:00,0.0024916491210516985
2025-08-15 04:00,0.056708051677613835
2025-08-15 05:00,0.30056465818456357
2025-08-15 06:00,0.6961948453056896
2025-08-15 07:00,0.22828436932414664
2025-08-15 08:00,0.34324283204706774
2025-08-15 09:00,0.14609147997816413
2025-08-15 10:00,0.3859557218110216
2025-08-15 11:00,0.2960369935063129
2025-08-15 12:00,1.8056727289684065
2025-08-15 13:00,0.9084728968415239
2025-08-15 14:00,1.3804271858978054
2025-08-15 15:00,1.697839485352482
2025-08-15 16:00,1.434619466477909
2025-08-15 17:00,2.058274334170638
2025-08-15 18:00,1.1240835090016383
2025-08-15 19:00,0.11754910770635218
2025-08-15 20:00,0.0
2025-08-15 21:00,0.0
2025-08-15 22:00,0.04010669497302488
2025-08-15 23:00,0.0
2025-08-16 00:00,0.0004851965474634845
2025-08-16 01:00,0.07885767218723794
2025-08-16 02:00,0.0
2025-08-16 03:00,0.0
2025-08-16 04:00,0.0
2025-08-16 05:00,0.0
2025-08-16 06:00,0.009922703021430137
2025-08-16 07:00,0.0
2025-08-16 08:00,0.07091292417294265
2025-08-16 09:00,0.07031623204073366
2025-08-16 10:00,0.007061600213124084
2025-08-16 11:00,0.12280500632162863
2025-08-16 12:00,0.3830379571344675
2025-08-16 13:00,0.36873791718733945
2025-08-16 14:00,1.1269779243670015
2025-08-16 15:00,1.4094244593319336
2025-08-16 16:00,1.6117195330594105
2025-08-16 17:00,1.121585142618636
2025-08-16 18:00,0.8228235050959822
2025-08-16 19:00,0.19790567109391627
2025-08-16 20:00,0.02930561105994585
2025-08-16 21:00,0.04865551124286266
2025-08-16 22:00,0.15798003860250925
2025-08-16 23:00,0.0
2025-08-17 00:00,0.2909602652935717
2025-08-17 01:00,0.028232631605364933
2025-08-17 02:00,0.21823743075713403
2025-08-17 03:00,0.15926988965071087
2025-08-17 04:00,0.32270052278806616
2025-08-17 05:00,0.06059691959958591
2025-08-17 06:00,0.22867354121617578
2025-08-17 07:00,0.43171940370982786
2025-08-17 08:00,0.340170248214824
2025-08-17 09:00,0.29676026556290735
2025-08-17 10:00,0.0
2025-08-17 11:00,0.11378627303208749
2025-08-17 12:00,0.0
2025-08-17 13:00,0.6768899177608163
2025-08-17 14:00,0.5896607008107695
2025-08-17 15:00,1.4051585786567882
2025-08-17 16:00,1.0060719708801282
2025-08-17 17:00,1.1719412212427296
2025-08-17 18:00,0.5013705902292408
2025-08-17 19:00,0.08841650655341593
2025-08-17 20:00,0.04159361159269398
2025-08-17 21:00,0.03785065553510883
2025-08-17 22:00,0.10427674062674724
2025-08-17 23:00,0.014621112664316593
2025-08-18 00:00,0.09329813304231127
2025-08-18 01:00,0.0010087584413206035
2025-08-18 02:00,0.0
2025-08-18 03:00,1.1974445660779214
2025-08-18 04:00,0.6988388606032729
2025-08-18 05:00,0.12825084615651716
2025-08-18 06:00,0.8248750736487498
2025-08-18 07:00,0.5494344615111248
2025-08-18 08:00,0.6084582473632361
2025-08-18 09:00,0.6401635009234095
2025-08-18 10:00,0.2092918888745141
2025-08-18 11:00,1.339151907735285
2025-08-18 12:00,0.38193588374152476
2025-08-18 13:00,0.6085720157504908
2025-08-18 14:00,0.8301007697032629
2025-08-18 15:00,1.7449765570179503
2025-08-18 16:00,1.1804159794755404
2025-08-18 17:00,2.0100202090771733
2025-08-18 18:00,0.5519111577673522
2025-08-18 19:00,0.664813324295827
2025-08-18 20:00,0.05075747459481195
2025-08-18 21:00,0.549684554007656
2025-08-18 22:00,0.5823660826210407
2025-08-18 23:00,1.8686965814619292
2025-08-19 00:00,1.6109627041855321
2025-08-19 01:00,3.677556953887871
2025-08-19 02:00,5.820729224661891
2025-08-19 03:00,3.773051526482835
2025-08-19 04:00,1.744701988525561
2025-08-19 05:00,3.3297617454834696
2025-08-19 06:00,3.7317433553699364
2025-08-19 07:00,4.759800713163561
2025-08-19 08:00,4.540910072044325
2025-08-19 09:00,5.261582369579693
2025-08-19 10:00,3.770866767272688
2025-08-19 11:00,3.005470384979665
2025-08-19 12:00,3.211016875155041
2025-08-19 13:00,4.3377454317742
2025-08-19 14:00,6.163742137809585
2025-08-19 15:00,4.334159308241946
2025-08-19 16:00,4.620441693544892
2025-08-19 17:00,5.686654553760916
2025-08-19 18:00,4.715983408591347
2025-08-19 19:00,5.197275860161361
2025-08-19 20:00,2.863556553794667
2025-08-19 21:00,1.6811981874963682
2025-08-19 22:00,1.125786520162527
2025-08-19 23:00,0.9267510925910953
2025-08-20 00:00,0.9686109741783944
2025-08-20 01:00,2.5842526898988836
2025-08-20 02:00,0.86148314680127
2025-08-20 03:00,0.9889876690005708
2025-08-20 04:00,1.8771165045359215
2025-08-20 05:00,2.7227933718752833
2025-08-20 06:00,4.703890472070338
2025-08-20 07:00,2.3591207679824446
2025-08-20 08:00,2.8109194320484603
2025-08-20 09:00,3.458877761700649
2025-08-20 10:00,3.3843133097177693
2025-08-20 11:00,3.218450208394364
2025-08-20 12:00,4.602388645194407
2025-08-20 13:00,6.501411907805558
2025-08-20 14:00,5.246808031831679
2025-08-20 15:00,4.793843583972612
2025-08-20 16:00,4.4711835373895
2025-08-20 17:00,2.462389966384751
2025-08-20 18:00,0.5985086536607844
2025-08-20 19:00,0.1784609060260319
2025-08-20 20:00,0.17359376529073783
2025-08-20 21:00,0.04805849424843764
2025-08-20 22:00,0.028071772422474384
2025-08-20 23:00,0.03685396498287815
2025-08-21 00:00,0.0
2025-08-21 01:00,0.12316054715851192
2025-08-21 02:00,0.4270797617340641
2025-08-21 03:00,0.6412707262184372
2025-08-21 04:00,0.3103943260672613
2025-08-21 05:00,0.2995861872297576
2025-08-21 06:00,0.16084892392585046
2025-08-21 07:00,0.10608536171836015
2025-08-21 08:00,0.15659912888102662
2025-08-21 09:00,0.28568824887006894
2025-08-21 10:00,0.4596600781318734
2025-08-21 11:00,0.15973838867368187
2025-08-21 12:00,0.08766434006791804
2025-08-21 13:00,0.4448328952462158
2025-08-21 14:00,0.038570170002066646
2025-08-21 15:00,2.1387031925978865
2025-08-21 16:00,2.0923944858588075
2025-08-21 17:00,2.3926111362116163
2025-08-21 18:00,2.713121904258595
2025-08-21 19:00,0.5779274594474985
2025-08-21 20:00,0.2300728643557041
2025-08-21 21:00,0.3928532311134805
2025-08-21 22:00,0.1592840107208816
2025-08-21 23:00,0.0
2025-08-22 00:00,0.22049127284157483
2025-08-22 01:00,0.14262096107001576
2025-08-22 02:00,0.10011513385488185
2025-08-22 03:00,0.0
2025-08-22 04:00,0.0
2025-08-22 05:00,0.28102856122935677
2025-08-22 06:00,0.2529697683390518
2025-08-22 07:00,0.12008617786387923
2025-08-22 08:00,0.2462751907246186
2025-08-22 09:00,0.026001751541645274
2025-08-22 10:00,0.04721809058710294
2025-08-22 11:00,0.3393179099295034
2025-08-22 12:00,0.21625761447759628
2025-08-22 13:00,0.21548157361029996
2025-08-22 14:00,0.44763407184617676
2025-08-22 15:00,0.6988236611949251
2025-08-22 16:00,0.5755696163857118
2025-08-22 17:00,0.5171286082756273
2025-08-22 18:00,0.13366255422167725
2025-08-22 19:00,0.1779070617087341
2025-08-22 20:00,0.025241029819582064
2025-08-22 21:00,0.06913475308227397
2025-08-22 22:00,0.0
2025-08-22 23:00,0.0
2025-08-23 00:00,0.0
2025-08-23 01:00,0.0
2025-08-23 02:00,0.0
2025-08-23 03:00,0.0
2025-08-23 04:00,0.0
2025-08-23 05:00,0.0
2025-08-23 06:00,0.035092923255366615
2025-08-23 07:00,0.0
2025-08-23 08:00,0.0
2025-08-23 09:00,0.0009610046760179848
2025-08-23 10:00,0.043388476518742274
2025-08-23 11:00,0.014442384480727719
2025-08-23 12:00,0.046194894262927
2025-08-23 13:00,0.2012197953677035
2025-08-23 14:00,0.48629196028688726
2025-08-23 15:00,0.7219644969957729
2025-08-23 16:00,0.3775373602001438
2025-08-23 17:00,0.23902891690964645
2025-08-23 18:00,0.1882059394716222
2025-08-23 19:00,0.0
2025-08-23 20:00,0.0
2025-08-23 21:00,0.1079095416826873
2025-08-23 22:00,0.03875792353153291
2025-08-23 23:00,0.0
2025-08-24 00:00,0.0
2025-08-24 01:00,0.0
2025-08-24 02:00,0.0
2025-08-24 03:00,0.0
2025-08-24 04:00,0.11047234947162171
2025-08-24 05:00,0.23886536895397925
2025-08-24 06:00,0.09570036694118245
2025-08-24 07:00,0.15840226968016208
2025-08-24 08:00,1.0633708903576924
2025-08-24 09:00,0.20985370712741638
2025-08-24 10:00,0.11838230642871811
2025-08-24 11:00,0.7422683555947944
2025-08-24 12:00,0.8361311959732994
2025-08-24 13:00,4.339394596443779
2025-08-24 14:00,3.4426376161508667
2025-08-24 15:00,2.187492510994918
2025-08-24 16:00,1.7452240176256526
2025-08-24 17:00,1.1412655527001112
2025-08-24 18:00,0.5910961381471094
2025-08-24 19:00,0.332006266814302
2025-08-24 20:00,0.1560975379380145
2025-08-24 21:00,0.07957484205875033
2025-08-24 22:00,0.32643774173163775
2025-08-24 23:00,0.0
2025-08-25 00:00,0.41295388929386245
2025-08-25 01:00,0.666111192489855
2025-08-25 02:00,0.16750107690420868
2025-08-25 03:00,0.2380234303635751
2025-08-25 04:00,0.8597064121223574
2025-08-25 05:00,1.9793433259639222
2025-08-25 06:00,1.877887503194843
2025-08-25 07:00,2.8435639001634354
2025-08-25 08:00,2.700276732774811
2025-08-25 09:00,6.270186957611994
2025-08-25 10:00,3.328161172926957
2025-08-25 11:00,4.891433991574442
2025-08-25 12:00,4.616942514606105
2025-08-25 13:00,7.2163422234012335
2025-08-25 14:00,7.993138069277293
2025-08-25 15:00,6.96290032139887
2025-08-25 16:00,11.471294770751966
2025-08-25 17:00,16.074273320469057
2025-08-25 18:00,16.75237963255117
2025-08-25 19:00,20.453055778003765
2025-08-25 20:00,20.083638658157643
2025-08-25 21:00,25.55645525184531
2025-08-25 22:00,28.703482275239363
2025-08-25 23:00,27.497935772265574
2025-08-26 00:00,30.752836484845137
2025-08-26 01:00,34.631353702605054
2025-08-26 02:00,36.58785263405416
2025-08-26 03:00,35.10669554050304
2025-08-26 04:00,35.48881047247024
2025-08-26 05:00,36.08220560632541
2025-08-26 06:00,28.82815977516366
2025-08-26 07:00,30.302950180954838
2025-08-26 08:00,23.543484798012578
2025-08-26 09:00,22.42393783960857
2025-08-26 10:00,19.3965487701357
2025-08-26 11:00,22.82838631669671
2025-08-26 12:00,19.84292314921854
2025-08-26 13:00,13.048017792603606
2025-08-26 14:00,5.148682302941001
2025-08-26 15:00,1.8702779114844441
2025-08-26 16:00,2.8717759220337356
2025-08-26 17:00,1.8346347772935305
2025-08-26 18:00,3.432363053922622
2025-08-26 19:00,0.49552359449089023
2025-08-26 20:00,1.0280837287468385
2025-08-26 21:00,1.3177980011914805
2025-08-26 22:00,0.8195243902002157
2025-08-26 23:00,0.5479568981920926
2025-08-27 00:00,0.02682799725558066
2025-08-27 01:00,0.8095198965379959
2025-08-27 02:00,0.8458422398581955
2025-08-27 03:00,0.3792931860371498
2025-08-27 04:00,0.4916473520269322
2025-08-27 05:00,0.2955005430479858
2025-08-27 06:00,0.618363289275909
2025-08-27 07:00,0.011505065094330413
2025-08-27 08:00,0.10219962844917124
2025-08-27 09:00,0.20313094797549597
2025-08-27 10:00,0.0757962996822477
2025-08-27 11:00,0.41342600981642375
2025-08-27 12:00,0.3688341420217241
2025-08-27 13:00,0.19409919998773809
2025-08-27 14:00,0.834726040516401
2025-08-27 15:00,1.0047384594455424
2025-08-27 16:00,0.5267587221007946
2025-08-27 17:00,0.4736490156272739
2025-08-27 18:00,0.5637412626498152
2025-08-27 19:00,0.06578847081884133
2025-08-27 20:00,0.19753944221071046
2025-08-27 21:00,0.0
2025-08-27 22:00,0.24813735796593123
2025-08-27 23:00,0.22413793174684724
2025-08-28 00:00,0.3168036321612181
2025-08-28 01:00,0.5888837647506543
2025-08-28 02:00,1.6870866689726427
2025-08-28 03:00,3.305884093819179
2025-08-28 04:00,3.417609888785793
2025-08-28 05:00,4.116937607864879
2025-08-28 06:00,4.557667303528362
2025-08-28 07:00,7.451798513293869
2025-08-28 08:00,6.627869584706817
2025-08-28 09:00,12.32784637087319
2025-08-28 10:00,14.099956542055601
2025-08-28 11:00,14.690015061167355
2025-08-28 12:00,11.392340608634534
2025-08-28 13:00,8.2218969899036
2025-08-28 14:00,11.43467949210243
2025-08-28 15:00,8.54891184428159
2025-08-28 16:00,13.72071628590578
2025-08-28 17:00,13.044335953698779
2025-08-28 18:00,13.216276769548035
2025-08-28 19:00,5.524247409204498
2025-08-28 20:00,6.795971656735093
2025-08-28 21:00,5.682674075162481
2025-08-28 22:00,6.32033662085383
2025-08-28 23:00,7.864719995052558
2025-08-29 00:00,12.71671993534496
2025-08-29 01:00,12.294963075221446
2025-08-29 02:00,10.609804616126844
2025-08-29 03:00,12.214031702594344
2025-08-29 04:00,9.966992362165648
2025-08-29 05:00,8.377093351996844
2025-08-29 06:00,4.335742613771258
2025-08-29 07:00,5.25487286099959
2025-08-29 08:00,5.530338316740367
2025-08-29 09:00,5.156264647228945
2025-08-29 10:00,4.313508357790358
2025-08-29 11:00,4.740639360670331
2025-08-29 12:00,4.5114598256904515
2025-08-29 13:00,4.33921030716612
2025-08-29 14:00,2.737560727283004
2025-08-29 15:00,2.7850788211060524
2025-08-29 16:00,2.8457617119123904
2025-08-29 17:00,2.132594773629986
2025-08-29 18:00,1.3642658254270343
2025-08-29 19:00,0.6406705377105935
2025-08-29 20:00,0.3659743994531653
2025-08-29 21:00,0.3186366992889413
2025-08-29 22:00,0.7263409581053024
2025-08-29 23:00,0.7621770307380085
2025-08-30 00:00,0.0
2025-08-30 01:00,0.17004074559303173
2025-08-30 02:00,0.26100308141660533
2025-08-30 03:00,0.37525575969361635
2025-08-30 04:00,0.40519051194731737
2025-08-30 05:00,0.9477027482616396
2025-08-30 06:00,1.6714169819950877
2025-08-30 07:00,0.7538579711236223
2025-08-30 08:00,0.6042111499855556
2025-08-30 09:00,1.1575832181241503
2025-08-30 10:00,0.40219697302584256
2025-08-30 11:00,0.9789112196266632
2025-08-30 12:00,0.0
2025-08-30 13:00,0.35127081555755907
2025-08-30 14:00,1.0825008861533194
2025-08-30 15:00,1.3048524643961714
2025-08-30 16:00,1.4239226376313383
2025-08-30 17:00,1.210726987363184
2025-08-30 18:00,0.25521445587959535
2025-08-30 19:00,0.09441687381163157
2025-08-30 20:00,0.08554782070399397
2025-08-30 21:00,0.058895510224267034
2025-08-30 22:00,0.0
2025-08-30 23:00,0.0
2025-08-31 00:00,0.0
2025-08-31 01:00,0.0
2025-08-31 02:00,0.12766909263542592
2025-08-31 03:00,0.14215074627538749
2025-08-31 04:00,0.10094967450534581
2025-08-31 05:00,0.1872583231598568
2025-08-31 06:00,0.33028931835987807
2025-08-31 07:00,2.2327320941453888
2025-08-31 08:00,1.396795335617245
2025-08-31 09:00,0.9165485390731116
2025-08-31 10:00,0.8833469004878747
2025-08-31 11:00,1.9254274792635908
2025-08-31 12:00,3.494455134687863
2025-08-31 13:00,6.179967215409665
2025-08-31 14:00,8.232602052887122
2025-08-31 15:00,13.98357831263138
2025-08-31 16:00,18.77371930669216
2025-08-31 17:00,15.156738276510673
2025-08-31 18:00,12.688604269546293
2025-08-31 19:00,13.912827794163304
2025-08-31 20:00,12.039687706885248
2025-08-31 21:00,15.66319956345812
2025-08-31 22:00,21.76321393444625
2025-08-31 23:00,19.543235554314997
2025-09-01 00:00,10.295840357641595
2025-09-01 01:00,12.525476979914243
2025-09-01 02:00,16.523632816466243
2025-09-01 03:00,9.596049490045145
2025-09-01 04:00,11.260349715360837
2025-09-01 05:00,14.941443789782596
2025-09-01 06:00,24.537471926662747
2025-09-01 07:00,28.66724814196302
2025-09-01 08:00,36.345446581851746
2025-09-01 09:00,31.82606436010011
2025-09-01 10:00,21.85007740980133
2025-09-01 11:00,24.87056668104437
2025-09-01 12:00,28.729184135615903
2025-09-01 13:00,31.230358368847327
2025-09-01 14:00,39.43364690565863
2025-09-01 15:00,25.689141625611576
2025-09-01 16:00,32.68968206594737
2025-09-01 17:00,31.678868708275424
2025-09-01 18:00,23.56252861647996
2025-09-01 19:00,24.20911909402488
2025-09-01 20:00,16.827245830135965
2025-09-01 21:00,12.159586254827786
2025-09-01 22:00,8.810652881617404
2025-09-01 23:00,3.272929034508281
2025-09-02 00:00,1.4470269720789986
2025-09-02 01:00,0.30339854994986426
2025-09-02 02:00,0.4192092612013727
2025-09-02 03:00,0.30812932886444544
2025-09-02 04:00,0.368061104237392
2025-09-02 05:00,0.6689515097963982
2025-09-02 06:00,0.5290586102885907
2025-09-02 07:00,0.17892835253413533
2025-09-02 08:00,0.04004675665145585
2025-09-02 09:00,0.19916334789361057
2025-09-02 10:00,0.06021348212314539
2025-09-02 11:00,0.19068007673320844
2025-09-02 12:00,0.8589718238464545
2025-09-02 13:00,1.439981179914665
2025-09-02 14:00,2.6176191997741682
2025-09-02 15:00,3.680817293464342
2025-09-02 16:00,1.716481580790775
2025-09-02 17:00,0.5054085971018724
2025-09-02 18:00,1.0844503671342685
2025-09-02 19:00,0.5938653592901946
2025-09-02 20:00,0.25816877348776546
2025-09-02 21:00,0.5374049411156789
2025-09-02 22:00,0.3300169591112531
2025-09-02 23:00,0.41318226604641883
2025-09-03 00:00,0.23931164356876167
2025-09-03 01:00,0.5029681861104576
2025-09-03 02:00,0.16313316659971178
2025-09-03 03:00,0.0
2025-09-03 04:00,0.11156703719851807
2025-09-03 05:00,0.01352703256740695
2025-09-03 06:00,0.17205349915065016
2025-09-03 07:00,0.019620538613177807
2025-09-03 08:00,0.08984642677348176
2025-09-03 09:00,0.0
2025-09-03 10:00,0.0
2025-09-03 11:00,0.0
2025-09-03 12:00,0.2038298191887824
2025-09-03 13:00,0.058868388080879755
2025-09-03 14:00,0.12061947494116673
2025-09-03 15:00,0.4846185506470926
2025-09-03 16:00,0.9430401845164895
2025-09-03 17:00,1.203071840835618
2025-09-03 18:00,0.4715171177358506
2025-09-03 19:00,0.02068100105492665
2025-09-03 20:00,0.1540590835273983
2025-09-03 21:00,0.6511216690137703
2025-09-03 22:00,0.0
2025-09-03 23:00,0.490383240296949
2025-09-04 00:00,0.14884625750610292
2025-09-04 01:00,0.10619565495539779
2025-09-04 02:00,0.10034431569011265
2025-09-04 03:00,0.0
2025-09-04 04:00,0.23161599295295937
2025-09-04 05:00,0.5243339507844672
2025-09-04 06:00,0.2921246717600928
2025-09-04 07:00,0.8000153685906402
2025-09-04 08:00,1.3005697838439587
2025-09-04 09:00,2.6072068566738844
2025-09-04 10:00,1.4676647079269514
2025-09-04 11:00,2.0541184260436567
2025-09-04 12:00,2.7846848272996554
2025-09-04 13:00,5.932066841920791
2025-09-04 14:00,10.10011929755194
2025-09-04 15:00,15.836437284258626
2025-09-04 16:00,15.525102633558589
2025-09-04 17:00,16.265429146784435
2025-09-04 18:00,14.104410257495942
2025-09-04 19:00,15.817173633379896
2025-09-04 20:00,6.679565594451729
2025-09-04 21:00,3.1337714221206245
2025-09-04 22:00,2.074990979516892
2025-09-04 23:00,2.9376572788105855
2025-09-05 00:00,0.5247621549172787
2025-09-05 01:00,0.07380945209763601
2025-09-05 02:00,0.03343337582342576
2025-09-05 03:00,0.32329400136479275
2025-09-05 04:00,0.9111110407646088
2025-09-05 05:00,1.0657371425495001
2025-09-05 06:00,1.1637904612947128
2025-09-05 07:00,0.4103352801292076
2025-09-05 08:00,0.6616347949974895
2025-09-05 09:00,0.1830411365768757
2025-09-05 10:00,0.04827463720572878
2025-09-05 11:00,0.020378425193402213
2025-09-05 12:00,0.1043266574215806
2025-09-05 13:00,0.9789459654855839
2025-09-05 14:00,1.8807587855015568
2025-09-05 15:00,0.6989611166712363
2025-09-05 16:00,0.943323775911791
2025-09-05 17:00,0.9428636528533534
2025-09-05 18:00,0.27146285943497006
2025-09-05 19:00,0.0969793637983895
2025-09-05 20:00,0.6220677956520677
2025-09-05 21:00,0.37924855846071304
2025-09-05 22:00,0.40033159240767513
2025-09-05 23:00,2.418432914414837
2025-09-06 00:00,4.676044367275764
2025-09-06 01:00,11.808333412221241
2025-09-06 02:00,10.711692815904659
2025-09-06 03:00,15.517631227985728
2025-09-06 04:00,16.477665754914728
2025-09-06 05:00,14.548385908682759
2025-09-06 06:00,17.424313012898246
2025-09-06 07:00,32.88226925531664
2025-09-06 08:00,34.07231274460103
2025-09-06 09:00,33.50148266477243
2025-09-06 10:00,27.188679091492215
2025-09-06 11:00,22.75766539452796
2025-09-06 12:00,24.074087668162534
2025-09-06 13:00,27.66947506070925
2025-09-06 14:00,24.002143433796128
2025-09-06 15:00,24.470862012381247
2025-09-06 16:00,22.442420987323526
2025-09-06 17:00,28.10862695493102
2025-09-06 18:00,26.900918804681574
2025-09-06 19:00,28.021963215721197
2025-09-06 20:00,30.1210672027644
2025-09-06 21:00,28.39321854725707
2025-09-06 22:00,37.50411299824265
2025-09-06 23:00,20.44495723563547
2025-09-07 00:00,36.79628147681473
2025-09-07 01:00,21.662935840561698
2025-09-07 02:00,29.17427074642572
2025-09-07 03:00,23.07473738001757
2025-09-07 04:00,17.694705507279444
2025-09-07 05:00,21.496813596104083
2025-09-07 06:00,14.35993341553143
2025-09-07 07:00,4.599103256576341
2025-09-07 08:00,1.9921617840792596
2025-09-07 09:00,1.4240607947461517
2025-09-07 10:00,2.5626217860776213
2025-09-07 11:00,2.3549597465615433
2025-09-07 12:00,1.5666866598903955
2025-09-07 13:00,1.846804743600985
2025-09-07 14:00,2.1991074062133302
2025-09-07 15:00,1.9110351361405291
2025-09-07 16:00,0.7365829238229809
2025-09-07 17:00,1.078470318952473
2025-09-07 18:00,2.4465499993185116
2025-09-07 19:00,2.7486271588544513
2025-09-07 20:00,1.6499604290414993
2025-09-07 21:00,0.9899349705659335
2025-09-07 22:00,0.17833860153398398
2025-09-07 23:00,0.4448524287131434
2025-09-08 00:00,0.0
2025-09-08 01:00,0.5685031865838818
2025-09-08 02:00,0.3058658345842609
2025-09-08 03:00,0.2459914386008636
2025-09-08 04:00,0.5073668156073584
2025-09-08 05:00,0.21245244155184997
2025-09-08 06:00,0.8773080405587428
2025-09-08 07:00,0.651798629301146
2025-09-08 08:00,0.6356907070059076
2025-09-08 09:00,0.3013793636045426
2025-09-08 10:00,0.14079074542349207
2025-09-08 11:00,0.04197590100094152
2025-09-08 12:00,0.049253302516136965
2025-09-08 13:00,0.7731611514403935
2025-09-08 14:00,3.1586491483669885
2025-09-08 15:00,0.0859088754717422
2025-09-08 16:00,0.1472067136114225
2025-09-08 17:00,0.6326592162241681
2025-09-08 18:00,0.13675002818497825
2025-09-08 19:00,0.2033964624459634
2025-09-08 20:00,0.24624622388445344
2025-09-08 21:00,0.1787907815106986
2025-09-08 22:00,0.2630073309843316
2025-09-08 23:00,0.4297391644785382
2025-09-09 00:00,1.080909705397701
2025-09-09 01:00,2.7121511976972057
2025-09-09 02:00,3.005360479159931
2025-09-09 03:00,4.068442043137752
2025-09-09 04:00,1.6719724724291622
2025-09-09 05:00,0.2016496161937342
2025-09-09 06:00,0.5357343400046619
2025-09-09 07:00,0.7404107421615761
2025-09-09 08:00,0.17762479826823974
2025-09-09 09:00,1.6439862522164645
2025-09-09 10:00,0.6582580405657378
2025-09-09 11:00,5.9097923671549335
2025-09-09 12:00,5.730089944210688
2025-09-09 13:00,5.530314606027728
2025-09-09 14:00,5.7402048920111115
2025-09-09 15:00,7.770834685485028
2025-09-09 16:00,11.61683304205178
2025-09-09 17:00,29.620141028994457
2025-09-09 18:00,7.31624289792132
2025-09-09 19:00,9.0936612962806
2025-09-09 20:00,2.087779700599698
2025-09-09 21:00,0.13315931276510484
2025-09-09 22:00,1.6158214497852894
2025-09-09 23:00,0.5244328579356923
2025-09-10 00:00,1.3644268947564329
2025-09-10 01:00,0.7816074168983562
2025-09-10 02:00,2.3047785247282477
2025-09-10 03:00,3.1895416231397595
2025-09-10 04:00,3.8613375362677567
2025-09-10 05:00,4.571822237059602
2025-09-10 06:00,8.081278035096702
2025-09-10 07:00,3.082154842296098
2025-09-10 08:00,6.085818165473317
2025-09-10 09:00,9.322332493570066
2025-09-10 10:00,8.112762157320171
2025-09-10 11:00,13.912055219465628
2025-09-10 12:00,11.83105232334712
2025-09-10 13:00,14.565019915843829
2025-09-10 14:00,13.574729695271582
2025-09-10 15:00,14.11988357257725
2025-09-10 16:00,14.186448536362349
2025-09-10 17:00,12.148588054639472
2025-09-10 18:00,9.627440510527236
2025-09-10 19:00,13.111796410346269
2025-09-10 20:00,18.160554138288255
2025-09-10 21:00,11.577051822335623
2025-09-10 22:00,5.3231136666400864
2025-09-10 23:00,5.324488644689955
2025-09-11 00:00,2.563572235015254
2025-09-11 01:00,1.1892622745461885
2025-09-11 02:00,0.9937247407623084
2025-09-11 03:00,1.2570686526347163
2025-09-11 04:00,1.7143496308617536
2025-09-11 05:00,2.418727554054655
2025-09-11 06:00,3.4370179663122893
2025-09-11 07:00,5.011372482162452
2025-09-11 08:00,7.468873025569662
2025-09-11 09:00,6.325559379526221
2025-09-11 10:00,3.6098135611441657
2025-09-11 11:00,2.6737792052385116
2025-09-11 12:00,1.4602931074460899
2025-09-11 13:00,0.732106612342358
2025-09-11 14:00,0.344549092129127
2025-09-11 15:00,0.30591063645226574
2025-09-11 16:00,1.318170024073418
2025-09-11 17:00,1.7331551021555924
2025-09-11 18:00,7.9155166442225084
2025-09-11 19:00,6.149397945395485
2025-09-11 20:00,8.74718593044663
2025-09-11 21:00,7.901725940871275
2025-09-11 22:00,6.8569172938257354
2025-09-11 23:00,7.517854111186311
2025-09-12 00:00,1.449166775658744
2025-09-12 01:00,4.343445480073172
2025-09-12 02:00,6.322606886894761
2025-09-12 03:00,4.506126784750351
2025-09-12 04:00,5.384973313444839
2025-09-12 05:00,4.637454489220504
2025-09-12 06:00,6.51209927749229
2025-09-12 07:00,10.246676107383077
2025-09-12 08:00,5.837423823514099
2025-09-12 09:00,7.425212504115057
2025-09-12 10:00,5.342639381437267
2025-09-12 11:00,4.13441382154781
2025-09-12 12:00,4.1774069610104
2025-09-12 13:00,6.409205563259923
2025-09-12 14:00,4.3613097076864085
2025-09-12 15:00,5.405524035163826
2025-09-12 16:00,6.948579702556135
2025-09-12 17:00,9.768776228063176
2025-09-12 18:00,10.530183802049713
2025-09-12 19:00,6.836710713921153
2025-09-12 20:00,5.126627347536442
2025-09-12 21:00,4.960507025010435
2025-09-12 22:00,9.665877773741146
2025-09-12 23:00,10.123840466832155
2025-09-13 00:00,34.18459483902127
2025-09-13 01:00,39.64345648537715
2025-09-13 02:00,44.95660282520421
2025-09-13 03:00,53.62700059210418
2025-09-13 04:00,51.86870786862947
2025-09-13 05:00,47.25279078906248
2025-09-13 06:00,49.86551571826469
2025-09-13 07:00,48.95969193865562
2025-09-13 08:00,49.92654952765285
2025-09-13 09:00,49.97000670067541
2025-09-13 10:00,42.2790622747568
2025-09-13 11:00,32.59850129526904
2025-09-13 12:00,15.721143336398342
2025-09-13 13:00,12.923002891979964
2025-09-13 14:00,10.278642035780912
2025-09-13 15:00,6.005772499881024
2025-09-13 16:00,4.2315164248278965
2025-09-13 17:00,2.0782421090541217
2025-09-13 18:00,2.330941910518351
2025-09-13 19:00,0.1590600970918503
2025-09-13 20:00,0.16678504060031762
2025-09-13 21:00,0.29202554369141326
2025-09-13 22:00,0.07175829210334195
2025-09-13 23:00,0.007633926561519511
2025-09-14 00:00,0.04473416650794837
2025-09-14 01:00,0.0
2025-09-14 02:00,0.23568187414421926
2025-09-14 03:00,0.5607630949587428
2025-09-14 04:00,1.336632519767599
2025-09-14 05:00,0.20674382865052854
2025-09-14 06:00,1.019336790487566
2025-09-14 07:00,0.2925595974399164
2025-09-14 08:00,0.5944961084105231
2025-09-14 09:00,0.030567568277966695
2025-09-14 10:00,0.1281848663558367
2025-09-14 11:00,0.03220922505814671
2025-09-14 12:00,0.4119803699269827
2025-09-14 13:00,0.24494105657186818
2025-09-14 14:00,0.06343804331077457
2025-09-14 15:00,0.29125852103329275
2025-09-14 16:00,0.35131734839335627
2025-09-14 17:00,0.17748723514439946
2025-09-14 18:00,0.06537183643613766
2025-09-14 19:00,0.017280662394081235
2025-09-14 20:00,0.22781126463072177
2025-09-14 21:00,0.6156772730547448
2025-09-14 22:00,0.046992605580861234
2025-09-14 23:00,0.0715582834442315
2025-09-15 00:00,0.0
2025-09-15 01:00,0.0
2025-09-15 02:00,0.12636477488095
2025-09-15 03:00,0.11300637816226727
2025-09-15 04:00,0.5504719772996419
2025-09-15 05:00,0.4331363376617663
2025-09-15 06:00,0.6792168072364743
2025-09-15 07:00,0.41462305328653354
2025-09-15 08:00,0.16886396996365824
2025-09-15 09:00,0.41488474921105956
2025-09-15 10:00,0.6114344264468533
2025-09-15 11:00,0.028178672436935885
2025-09-15 12:00,0.03616937465621043
2025-09-15 13:00,0.027796108417387277
2025-09-15 14:00,0.05652847260326782
2025-09-15 15:00,0.02936917788312368
2025-09-15 16:00,0.1287292693063972
2025-09-15 17:00,0.17014873716542064
2025-09-15 18:00,0.033484934043270125
2025-09-15 19:00,0.1639948229896966
2025-09-15 20:00,0.23729369285882781
2025-09-15 21:00,0.0
2025-09-15 22:00,0.11683799113071405
2025-09-15 23:00,0.15801020461295576
2025-09-16 00:00,0.12648984605048233
2025-09-16 01:00,0.1669376853495867
2025-09-16 02:00,0.07470455197480064
2025-09-16 03:00,0.24798084149906222
2025-09-16 04:00,0.17565785952366575
2025-09-16 05:00,0.1780831149026651
2025-09-16 06:00,0.06957431014271953
2025-09-16 07:00,0.0
2025-09-16 08:00,0.7628147178993716
2025-09-16 09:00,3.4783401906516627
2025-09-16 10:00,0.05967386704288202
2025-09-16 11:00,2.337708989008922
2025-09-16 12:00,5.4439724305216775
2025-09-16 13:00,7.732265930951391
2025-09-16 14:00,5.878486326941001
2025-09-16 15:00,12.815817486191238
2025-09-16 16:00,15.64900289633556
2025-09-16 17:00,21.178834700068453
2025-09-16 18:00,22.833813161506495
2025-09-16 19:00,27.113100657655043
2025-09-16 20:00,29.77197453347145
2025-09-16 21:00,20.638807917448055
2025-09-16 22:00,19.111087671504176
2025-09-16 23:00,21.61495065847219
2025-09-17 00:00,32.31393150086181
2025-09-17 01:00,34.11319989827824
2025-09-17 02:00,35.15135030085321
2025-09-17 03:00,32.279609627476454
2025-09-17 04:00,30.376325216288965
2025-09-17 05:00,23.017487432533876
2025-09-17 06:00,21.380039247064133
2025-09-17 07:00,20.466934499734577
2025-09-17 08:00,21.830929962022967
2025-09-17 09:00,23.263770436874516
2025-09-17 10:00,23.94811259914178
2025-09-17 11:00,32.095865697510504
2025-09-17 12:00,26.41642188492122
2025-09-17 13:00,20.40323281602016
2025-09-17 14:00,19.455928304614996
2025-09-17 15:00,17.154939449920544
2025-09-17 16:00,15.95859123784679
2025-09-17 17:00,12.322757527891575
2025-09-17 18:00,12.758005133782763
2025-09-17 19:00,20.74712810753126
2025-09-17 20:00,22.467208738508425
2025-09-17 21:00,16.634477765496243
2025-09-17 22:00,16.73139387992325
2025-09-17 23:00,10.590361743448293
2025-09-18 00:00,6.850958391909332
2025-09-18 01:00,4.493102478529991
2025-09-18 02:00,2.6760097564811183
2025-09-18 03:00,2.562172893516911
2025-09-18 04:00,7.936009487641436
2025-09-18 05:00,6.7570405713092585
2025-09-18 06:00,5.1556449632195624
2025-09-18 07:00,6.832573069359517
2025-09-18 08:00,4.568692168148917
2025-09-18 09:00,4.942125938801606
2025-09-18 10:00,2.9833376378215997
2025-09-18 11:00,2.7608886065220557
2025-09-18 12:00,1.6348055140528754
2025-09-18 13:00,1.7859884468088119
2025-09-18 14:00,0.33139862221051
2025-09-18 15:00,0.9489889305405643
2025-09-18 16:00,0.8891430621737046
2025-09-18 17:00,0.7292546334540159
2025-09-18 18:00,0.20463746171784467
2025-09-18 19:00,0.18705538296815022
2025-09-18 20:00,0.12738520731474806
2025-09-18 21:00,0.0
2025-09-18 22:00,0.1703947173011826
2025-09-18 23:00,0.9498127361058123
2025-09-19 00:00,0.6185533050664862
2025-09-19 01:00,1.5096939982377426
2025-09-19 02:00,1.4954244393522058
2025-09-19 03:00,1.6452547574106582
2025-09-19 04:00,2.3876324478969373
2025-09-19 05:00,2.5493549941631577
2025-09-19 06:00,2.48743448063206
2025-09-19 07:00,2.5424178852550594
2025-09-19 08:00,2.3804907331487937
2025-09-19 09:00,3.6220639572806603
2025-09-19 10:00,3.597967140049547
2025-09-19 11:00,5.015234043486676
2025-09-19 12:00,6.564726307036162
2025-09-19 13:00,8.725765032017293
2025-09-19 14:00,6.789429404476132
2025-09-19 15:00,7.3374552039643515
2025-09-19 16:00,12.527435060491207
2025-09-19 17:00,10.470191269270444
2025-09-19 18:00,15.48290440213394
2025-09-19 19:00,12.377226288438205
2025-09-19 20:00,13.019942232530914
2025-09-19 21:00,19.61309822858653
2025-09-19 22:00,29.497326913472623
2025-09-19 23:00,30.279530800661732
2025-09-20 00:00,41.71507770644587
2025-09-20 01:00,48.32627858281695
2025-09-20 02:00,47.8722794972455
2025-09-20 03:00,53.8510706178881
2025-09-20 04:00,55.698674165374086
2025-09-20 05:00,52.98303533768893
2025-09-20 06:00,43.972833637190966
2025-09-20 07:00,15.844729721449621
2025-09-20 08:00,16.639631427446265
2025-09-20 09:00,12.62898845027871
2025-09-20 10:00,14.983658519310936
2025-09-20 11:00,17.534722267198774
2025-09-20 12:00,12.908691842070905
2025-09-20 13:00,21.22810951405684
2025-09-20 14:00,18.31107062376607
2025-09-20 15:00,22.84845966451351
2025-09-20 16:00,31.19955751910671
2025-09-20 17:00,27.12609448524381
2025-09-20 18:00,24.13160059767823
2025-09-20 19:00,21.4061546246976
2025-09-20 20:00,19.058967156199657
2025-09-20 21:00,9.842422843157783
2025-09-20 22:00,2.887698621065537
2025-09-20 23:00,2.4944948290755944
2025-09-21 00:00,2.403078697494972
2025-09-21 01:00,2.95275686172899
2025-09-21 02:00,1.8948186749645701
2025-09-21 03:00,1.7944427444523776
2025-09-21 04:00,4.245484954029836
2025-09-21 05:00,4.766852138889148
2025-09-21 06:00,4.870238891728327
2025-09-21 07:00,5.712788667348871
2025-09-21 08:00,11.460409398941866
2025-09-21 09:00,15.883558312359893
2025-09-21 10:00,9.73589791715687
2025-09-21 11:00,9.438310139265585
2025-09-21 12:00,10.558093357196267
2025-09-21 13:00,16.981842015951084
2025-09-21 14:00,18.952968240110007
2025-09-21 15:00,21.713769141755535
2025-09-21 16:00,25.892095808850154
2025-09-21 17:00,28.188325732108922
2025-09-21 18:00,24.8143838294887
2025-09-21 19:00,22.508126879166255
2025-09-21 20:00,22.6220644933698
2025-09-21 21:00,15.46490114288533
2025-09-21 22:00,6.159425039709657
2025-09-21 23:00,3.964115811220571
2025-09-22 00:00,10.136037385338629
2025-09-22 01:00,6.905187689724035
2025-09-22 02:00,7.806092020747678
2025-09-22 03:00,8.770064130959497
2025-09-22 04:00,8.837193059242574
2025-09-22 05:00,7.728655195656556
2025-09-22 06:00,5.959163323426457
2025-09-22 07:00,2.67420710245845
2025-09-22 08:00,4.123370158349008
2025-09-22 09:00,3.3330397642173875
2025-09-22 10:00,2.219662409947202
2025-09-22 11:00,2.7058636368589988
2025-09-22 12:00,3.098217431468083
2025-09-22 13:00,1.616677829549729
2025-09-22 14:00,1.464446144934695
2025-09-22 15:00,0.7894437620394398
2025-09-22 16:00,3.361155981746802
2025-09-22 17:00,2.924877630380449
2025-09-22 18:00,5.226631174724545
2025-09-22 19:00,4.682020196116021
2025-09-22 20:00,5.527201001447666
2025-09-22 21:00,4.361146459698725
2025-09-22 22:00,1.760218692203977
2025-09-22 23:00,4.447020866658916
2025-09-23 00:00,3.4500296338514556
2025-09-23 01:00,3.9137473849301827
2025-09-23 02:00,6.211008952695975
2025-09-23 03:00,4.213300166546142
2025-09-23 04:00,3.676510651226325
2025-09-23 05:00,5.175752279752867
2025-09-23 06:00,2.835009811979715
2025-09-23 07:00,3.397294391711089
2025-09-23 08:00,2.7846432339165585
2025-09-23 09:00,3.998721456709179
2025-09-23 10:00,2.7023618175581547
2025-09-23 11:00,1.3204228772347617
2025-09-23 12:00,0.08986913966437371
2025-09-23 13:00,0.4139764809284123
2025-09-23 14:00,4.377195475310951
2025-09-23 15:00,7.596898278464672
2025-09-23 16:00,9.891832550954181
2025-09-23 17:00,12.271229572937518
2025-09-23 18:00,10.586064417843172
2025-09-23 19:00,8.046759107133134
2025-09-23 20:00,3.8504817766438677
2025-09-23 21:00,3.8438521106418175
2025-09-23 22:00,2.6676686987194214
2025-09-23 23:00,4.758926579106621
2025-09-24 00:00,2.8127126613162146
2025-09-24 01:00,2.614872247091384
2025-09-24 02:00,3.9060332393417263
2025-09-24 03:00,4.533606789052621
2025-09-24 04:00,3.2892658928651777
2025-09-24 05:00,4.9587310225816665
2025-09-24 06:00,8.622370216318032
2025-09-24 07:00,10.117722498014217
2025-09-24 08:00,19.76046483411571
2025-09-24 09:00,24.46640984063621
2025-09-24 10:00,32.15390981740852
2025-09-24 11:00,33.244607009837644
2025-09-24 12:00,30.816120572377656
2025-09-24 13:00,26.85050212941099
2025-09-24 14:00,29.234623730310282
2025-09-24 15:00,26.961444132479556
2025-09-24 16:00,30.73896998540247
2025-09-24 17:00,29.885133104206282
2025-09-24 18:00,20.042009160735578
2025-09-24 19:00,15.980565499261468
2025-09-24 20:00,14.997626824300568
2025-09-24 21:00,10.852562902033306
2025-09-24 22:00,3.650898220616541
2025-09-24 23:00,4.716373217805854
2025-09-25 00:00,5.512595252743237
2025-09-25 01:00,0.9762810919481291
2025-09-25 02:00,0.366531192358432
2025-09-25 03:00,0.984079164496479
2025-09-25 04:00,1.5931017392920634
2025-09-25 05:00,1.8463397812125926
2025-09-25 06:00,4.498588936401498
2025-09-25 07:00,14.966271708380493
2025-09-25 08:00,16.051003154695152
2025-09-25 09:00,10.600623659291072
2025-09-25 10:00,5.034989898920854
2025-09-25 11:00,3.6383954108021372
2025-09-25 12:00,2.4029405480975528
2025-09-25 13:00,1.1442406561421163
2025-09-25 14:00,1.0530392989801487
2025-09-25 15:00,0.2924310149948675
2025-09-25 16:00,0.35229319643543644
2025-09-25 17:00,0.2354214074891168
2025-09-25 18:00,0.10189626366877258
2025-09-25 19:00,0.13634945186636283
2025-09-25 20:00,0.23795471211427593
2025-09-25 21:00,1.5422238024493162
2025-09-25 22:00,0.9702564012042982
2025-09-25 23:00,0.0
2025-09-26 00:00,0.2634343232389512
2025-09-26 01:00,0.466876334167761
2025-09-26 02:00,2.4416421696184556
2025-09-26 03:00,5.175210963478316
2025-09-26 04:00,5.460354765591725
2025-09-26 05:00,9.080447971577533
2025-09-26 06:00,11.67821813219006
2025-09-26 07:00,13.492258201130818
2025-09-26 08:00,10.309456465537844
2025-09-26 09:00,12.92280237192253
2025-09-26 10:00,4.787026936928158
2025-09-26 11:00,3.904701309708919
2025-09-26 12:00,2.9286115586361925
2025-09-26 13:00,4.578360717078385
2025-09-26 14:00,4.28661493892117
2025-09-26 15:00,4.433015417310407
2025-09-26 16:00,4.725764671908907
2025-09-26 17:00,9.22258663811807
2025-09-26 18:00,4.480393692688482
2025-09-26 19:00,4.40297988014237
2025-09-26 20:00,3.845199771428682
2025-09-26 21:00,2.216504711131853
2025-09-26 22:00,3.6753691595825972
2025-09-26 23:00,4.562530812501905
2025-09-27 00:00,2.241928212334038
2025-09-27 01:00,1.4686067086300474
2025-09-27 02:00,2.539028520435152
2025-09-27 03:00,3.778107650954952
2025-09-27 04:00,3.000471807985227
2025-09-27 05:00,1.2968395917323894
2025-09-27 06:00,0.7001769513251295
2025-09-27 07:00,0.6581335613022651
2025-09-27 08:00,0.8043401567048576
2025-09-27 09:00,0.41172749903177763
2025-09-27 10:00,1.0104996346590567
2025-09-27 11:00,0.0
2025-09-27 12:00,0.34657415955603116
2025-09-27 13:00,1.4076471115180045
2025-09-27 14:00,3.6349654238688007
2025-09-27 15:00,3.334820282460875
2025-09-27 16:00,5.12981224371594
2025-09-27 17:00,3.0740847061879615
2025-09-27 18:00,3.3951260904755336
2025-09-27 19:00,0.6235874406653419
2025-09-27 20:00,0.14751835297114227
2025-09-27 21:00,0.17928504624977581
2025-09-27 22:00,0.17292960919894104
2025-09-27 23:00,0.7350734744539567
2025-09-28 00:00,0.06162786793744507
2025-09-28 01:00,0.38219736864324266
2025-09-28 02:00,0.8396423972530178
2025-09-28 03:00,0.7699678125133328
2025-09-28 04:00,2.2985294311926223
2025-09-28 05:00,8.812128377674732
2025-09-28 06:00,11.043689457564396
2025-09-28 07:00,25.32386737354178
2025-09-28 08:00,26.864718828673773
2025-09-28 09:00,38.34827186698425
2025-09-28 10:00,36.95150558654525
2025-09-28 11:00,25.752536763431365
2025-09-28 12:00,26.79029014984915
2025-09-28 13:00,20.681129217415098
2025-09-28 14:00,24.37559633580018
2025-09-28 15:00,12.6920768801989
2025-09-28 16:00,1.8381890339233895
2025-09-28 17:00,3.751181943507489
2025-09-28 18:00,2.7147146267893136
2025-09-28 19:00,3.3847265686690724
2025-09-28 20:00,3.386069235363822
2025-09-28 21:00,6.455010426485547
2025-09-28 22:00,3.3706030070587056
2025-09-28 23:00,1.846433911424964
2025-09-29 00:00,2.588981981841363
2025-09-29 01:00,9.094320941250611
2025-09-29 02:00,3.2990435606278394
2025-09-29 03:00,3.0377592986022197
2025-09-29 04:00,3.3126809844776792
2025-09-29 05:00,7.09797228582458
2025-09-29 06:00,2.8105233836787824
2025-09-29 07:00,2.0129701020050814
2025-09-29 08:00,2.71863387119468
2025-09-29 09:00,3.266234047050819
2025-09-29 10:00,2.9455537916649472
2025-09-29 11:00,1.3285291158189863
2025-09-29 12:00,0.5887861980854971
2025-09-29 13:00,0.25166702792156903
2025-09-29 14:00,0.5611572113739787
2025-09-29 15:00,0.808712664879251
2025-09-29 16:00,0.9497697825204893
2025-09-29 17:00,0.4334047459521065
2025-09-29 18:00,0.4235925683187924
2025-09-29 19:00,0.1654028962537908
2025-09-29 20:00,0.40391949214720063
2025-09-29 21:00,0.30599917300755913
2025-09-29 22:00,0.0
2025-09-29 23:00,0.3305605829153444
2025-09-30 00:00,0.4389316569735989
2025-09-30 01:00,0.23651502550551873
2025-09-30 02:00,0.6591667985740421
2025-09-30 03:00,0.4161731661590016
2025-09-30 04:00,0.21403298623601819
2025-09-30 05:00,0.4109523741522331
2025-09-30 06:00,0.08320925782897215
2025-09-30 07:00,0.0
2025-09-30 08:00,0.17568270227595087
2025-09-30 09:00,0.0
2025-09-30 10:00,0.0
2025-09-30 11:00,0.0
2025-09-30 12:00,0.03367664397305323
2025-09-30 13:00,0.06598951970905258
2025-09-30 14:00,0.6462857470028293
2025-09-30 15:00,1.0633062842028431
2025-09-30 16:00,2.4408808383868283
2025-09-30 17:00,1.5611013820246007
2025-09-30 18:00,1.4382118457900246
2025-09-30 19:00,1.1778620089568739
2025-09-30 20:00,0.8173575582448587
2025-09-30 21:00,2.277898401252129
2025-09-30 22:00,0.7866665411108567
2025-09-30 23:00,1.597093685718208
2025-10-01 00:00,1.0449667210842497
2025-10-01 01:00,1.0653765296793805
2025-10-01 02:00,1.6904580072775621
2025-10-01 03:00,1.377953838546805
2025-10-01 04:00,1.6526422844430755
2025-10-01 05:00,1.9597467036947944
2025-10-01 06:00,0.6663597142004913
2025-10-01 07:00,0.710868607985708
2025-10-01 08:00,0.468900923856789
2025-10-01 09:00,0.3647362868783651
2025-10-01 10:00,0.33135272881587696
2025-10-01 11:00,0.7434338024221008
2025-10-01 12:00,0.9494570995708675
2025-10-01 13:00,1.2012465031549044
2025-10-01 14:00,2.408946114621992
2025-10-01 15:00,3.4584575041263967
2025-10-01 16:00,2.912656344462458
2025-10-01 17:00,4.851472477589949
2025-10-01 18:00,5.296567960602296
2025-10-01 19:00,7.790170901274252
2025-10-01 20:00,4.976280169130417
2025-10-01 21:00,3.918228394259445
2025-10-01 22:00,1.922517457225494
2025-10-01 23:00,1.0797041261155627
2025-10-02 00:00,1.1652358330896828
2025-10-02 01:00,0.7437891991005678
2025-10-02 02:00,0.2610429185735269
2025-10-02 03:00,0.21640756178498738
2025-10-02 04:00,0.3838966430369602
2025-10-02 05:00,0.7572048322088246
2025-10-02 06:00,0.24565551145522635
2025-10-02 07:00,0.5131174776882439
2025-10-02 08:00,1.4474620662736646
2025-10-02 09:00,0.18752084889493964
2025-10-02 10:00,0.0674272058291917
2025-10-02 11:00,0.0
2025-10-02 12:00,0.0
2025-10-02 13:00,0.052288643518090386
2025-10-02 14:00,0.19067057272349178
2025-10-02 15:00,0.25237590556978107
2025-10-02 16:00,0.10486185195136921
2025-10-02 17:00,0.2243801889667086
2025-10-02 18:00,0.16917391808492474
2025-10-02 19:00,0.43710704748904305
2025-10-02 20:00,0.047509939751690156
2025-10-02 21:00,0.32858556967832886
2025-10-02 22:00,0.38613868672008705
2025-10-02 23:00,0.4745540900394448
2025-10-03 00:00,0.7297038859891122
2025-10-03 01:00,2.4931073665698946
2025-10-03 02:00,5.042446795946262
2025-10-03 03:00,6.303032941721643
2025-10-03 04:00,6.321813275741235
2025-10-03 05:00,6.889728197770744
2025-10-03 06:00,10.006354172132612
2025-10-03 07:00,20.27498632746311
2025-10-03 08:00,24.659130257879646
2025-10-03 09:00,25.75687532779115
2025-10-03 10:00,23.186892355152402
2025-10-03 11:00,28.982492873249956
2025-10-03 12:00,31.16137493616008
2025-10-03 13:00,27.316313734165455
2025-10-03 14:00,29.37489401273801
2025-10-03 15:00,28.995022640215588
2025-10-03 16:00,26.672511890995384
2025-10-03 17:00,27.96850399529099
2025-10-03 18:00,31.611601873614028
2025-10-03 19:00,34.540147665376814
2025-10-03 20:00,38.096605248218204
2025-10-03 21:00,39.25345660760872
2025-10-03 22:00,36.246041381230874
2025-10-03 23:00,29.49780839870419
2025-10-04 00:00,18.07848257250066
2025-10-04 01:00,14.268046817627807
2025-10-04 02:00,6.9516052982803505
2025-10-04 03:00,3.005351268292896
2025-10-04 04:00,4.73116235179797
2025-10-04 05:00,2.7192199652727385
2025-10-04 06:00,3.945697875518493
2025-10-04 07:00,3.13102888477194
2025-10-04 08:00,3.489838612687687
2025-10-04 09:00,2.9414752306096656
2025-10-04 10:00,6.324750202651586
2025-10-04 11:00,2.8822000019036578
2025-10-04 12:00,6.110325098509679
2025-10-04 13:00,1.5012881697961291
2025-10-04 14:00,2.300537711111766
2025-10-04 15:00,1.8013077346021333
2025-10-04 16:00,2.648032984517529
2025-10-04 17:00,2.1606368887540555
2025-10-04 18:00,1.0130691999830557
2025-10-04 19:00,0.13333152513721935
2025-10-04 20:00,0.10723446774811451
2025-10-04 21:00,0.33097737381387415
2025-10-04 22:00,0.24015872854192444
2025-10-04 23:00,0.0
2025-10-05 00:00,0.0
2025-10-05 01:00,0.22486353690541272
2025-10-05 02:00,0.07864960470447457
2025-10-05 03:00,0.05764137577244369
2025-10-05 04:00,0.026397907177435946
2025-10-05 05:00,0.20084102750258515
2025-10-05 06:00,0.0
2025-10-05 07:00,0.0
2025-10-05 08:00,0.12070327135411912
2025-10-05 09:00,0.07363595231055198
2025-10-05 10:00,0.783901272632795
2025-10-05 11:00,0.863821881624194
2025-10-05 12:00,0.26079704748325794
2025-10-05 13:00,0.44492756072901885
2025-10-05 14:00,0.0
2025-10-05 15:00,0.17262193542044796
2025-10-05 16:00,0.2233993082723178
2025-10-05 17:00,0.1298434253928257
2025-10-05 18:00,0.0108382345640009
2025-10-05 19:00,0.07121913921636347
2025-10-05 20:00,0.03908166439035271
2025-10-05 21:00,0.028700598499707863
2025-10-05 22:00,0.076880012359999
2025-10-05 23:00,0.013236991910603624
2025-10-06 00:00,0.0
2025-10-06 01:00,0.0
2025-10-06 02:00,0.01768552689194436
2025-10-06 03:00,0.0
2025-10-06 04:00,0.0
2025-10-06 05:00,0.0
2025-10-06 06:00,0.037414496451443124
2025-10-06 07:00,0.9475798982582535
2025-10-06 08:00,0.5925210484266319
2025-10-06 09:00,5.455468349867724
2025-10-06 10:00,5.871903682848816
2025-10-06 11:00,14.508715384321249
2025-10-06 12:00,14.785550310712246
2025-10-06 13:00,17.194458739635532
2025-10-06 14:00,11.43302690189033
2025-10-06 15:00,14.40564535436969
2025-10-06 16:00,9.022459752476719
2025-10-06 17:00,14.429087471787163
2025-10-06 18:00,20.209735318523368
2025-10-06 19:00,30.426763196106734
2025-10-06 20:00,45.43176582553359
2025-10-06 21:00,47.70918076520363
2025-10-06 22:00,46.0346540987489
2025-10-06 23:00,42.86578030840664
2025-10-07 00:00,41.913635583011796
2025-10-07 01:00,42.87666525105859
2025-10-07 02:00,43.29135759108044
2025-10-07 03:00,39.411969747419676
2025-10-07 04:00,38.085574870425944
2025-10-07 05:00,36.206316578613254
2025-10-07 06:00,32.294024725257124
2025-10-07 07:00,26.319335399729006
2025-10-07 08:00,16.394655883145774
2025-10-07 09:00,3.5633344841254937
2025-10-07 10:00,2.451996262103989
2025-10-07 11:00,2.6650122483266934
2025-10-07 12:00,3.988444569160423
2025-10-07 13:00,3.978249944867188
2025-10-07 14:00,4.626023269797341
2025-10-07 15:00,11.125272334381267
2025-10-07 16:00,7.448187632153633
2025-10-07 17:00,5.778749843764747
2025-10-07 18:00,3.6529188006217703
2025-10-07 19:00,2.954300184287887
2025-10-07 20:00,2.6288101607841843
2025-10-07 21:00,1.6210644996990131
2025-10-07 22:00,0.47109707253549704
2025-10-07 23:00,0.29466295546147026
2025-10-08 00:00,1.110753140419312
2025-10-08 01:00,1.0223442740387898
2025-10-08 02:00,2.0437570433909586
2025-10-08 03:00,3.6719800275891754
2025-10-08 04:00,3.29298583167956
2025-10-08 05:00,4.9575859720989195
2025-10-08 06:00,6.743619895641368
2025-10-08 07:00,11.304784805132332
2025-10-08 08:00,20.294390625281174
2025-10-08 09:00,13.653384575900557
2025-10-08 10:00,16.895265425805434
2025-10-08 11:00,17.290076455421264
2025-10-08 12:00,15.12761979882712
2025-10-08 13:00,14.084846603062374
2025-10-08 14:00,14.574775624542966
2025-10-08 15:00,14.922037391485791
2025-10-08 16:00,14.6258493270385
2025-10-08 17:00,15.697750910049805
2025-10-08 18:00,11.60173157123586
2025-10-08 19:00,6.785167783174102
2025-10-08 20:00,2.3136691903083366
2025-10-08 21:00,1.5638507825811532
2025-10-08 22:00,1.1217805026478773
2025-10-08 23:00,3.1227309062317166
2025-10-09 00:00,0.7683644084251338
2025-10-09 01:00,0.7393053828506145
2025-10-09 02:00,0.9768947490626497
2025-10-09 03:00,1.0167590429948006
2025-10-09 04:00,0.0663195728024073
2025-10-09 05:00,1.248249660715599
2025-10-09 06:00,1.613594251219639
2025-10-09 07:00,2.183244113762052
2025-10-09 08:00,3.6752037020113426
2025-10-09 09:00,3.326210495258229
2025-10-09 10:00,5.2662734254795325
2025-10-09 11:00,5.351676957666864
2025-10-09 12:00,1.5972379705752087
2025-10-09 13:00,1.3002959160213599
2025-10-09 14:00,0.6733614400659385
2025-10-09 15:00,0.35765197520170056
2025-10-09 16:00,0.5147420692609063
2025-10-09 17:00,0.29109587838110396
2025-10-09 18:00,0.6780562556837584
2025-10-09 19:00,0.9859394143494731
2025-10-09 20:00,5.3890042789098285
2025-10-09 21:00,3.5364983265642653
2025-10-09 22:00,6.338633334954517
2025-10-09 23:00,4.3917964913851035
2025-10-10 00:00,6.498246500127895
2025-10-10 01:00,4.722270872666584
2025-10-10 02:00,4.678950779906689
2025-10-10 03:00,4.519983398404667
2025-10-10 04:00,3.8761820880056015
2025-10-10 05:00,2.160348388398442
2025-10-10 06:00,2.1785364263540217
2025-10-10 07:00,1.9551478690356352
2025-10-10 08:00,1.6720271389060672
2025-10-10 09:00,1.6038359487918343
2025-10-10 10:00,0.315456798593786
2025-10-10 11:00,1.060174078700129
2025-10-10 12:00,0.12880759170977707
2025-10-10 13:00,0.0903731849115805
2025-10-10 14:00,0.4294421648792144
2025-10-10 15:00,0.7559858275891792
2025-10-10 16:00,1.3660067277486312
2025-10-10 17:00,0.5982366001949643
2025-10-10 18:00,0.2796293152412948
2025-10-10 19:00,0.04657063208829008
2025-10-10 20:00,0.0
2025-10-10 21:00,0.2258899418088819
2025-10-10 22:00,1.462108166227655
2025-10-10 23:00,0.4083017573347021
2025-10-11 00:00,4.301130662627856
2025-10-11 01:00,3.3165673988432567
2025-10-11 02:00,2.592281240887901
2025-10-11 03:00,2.123697681041203
2025-10-11 04:00,1.5543703047758737
2025-10-11 05:00,1.891206501955362
2025-10-11 06:00,1.3272799685763437
2025-10-11 07:00,1.7338128295324138
2025-10-11 08:00,1.466277594511044
2025-10-11 09:00,1.7719637259222245
2025-10-11 10:00,2.3903427255158625
2025-10-11 11:00,2.911196433977013
2025-10-11 12:00,1.3519188944436624
2025-10-11 13:00,2.0652958010407163
2025-10-11 14:00,2.7320929737739594
2025-10-11 15:00,2.4247505062286523
2025-10-11 16:00,1.3762994634974983
2025-10-11 17:00,0.7646213872067467
2025-10-11 18:00,0.35572692468594935
2025-10-11 19:00,0.8167390272771795
2025-10-11 20:00,1.5430958742889165
2025-10-11 21:00,3.816845304326101
2025-10-11 22:00,2.75826851576625
2025-10-11 23:00,4.151926509018885
2025-10-12 00:00,3.4677756589018816
2025-10-12 01:00,3.07304489901434
2025-10-12 02:00,3.6801436955639164
2025-10-12 03:00,1.6599698552262043
2025-10-12 04:00,1.9704021639805909
2025-10-12 05:00,0.7825733528769827
2025-10-12 06:00,3.931012265832961
2025-10-12 07:00,1.8358394737431425
2025-10-12 08:00,1.395374453495379
2025-10-12 09:00,1.4368990056591406
2025-10-12 10:00,1.3465745627905576
2025-10-12 11:00,0.9696669618202177
2025-10-12 12:00,1.056745433834988
2025-10-12 13:00,2.031361550410055
2025-10-12 14:00,1.7401383709853904
2025-10-12 15:00,1.3654921564079006
2025-10-12 16:00,0.6861962774947425
2025-10-12 17:00,1.323238604164061
2025-10-12 18:00,0.17725121900221086
2025-10-12 19:00,0.0398462446747716
2025-10-12 20:00,0.09771389477657205
2025-10-12 21:00,0.0
2025-10-12 22:00,0.0
2025-10-12 23:00,0.0
2025-10-13 00:00,0.06258569762082278
2025-10-13 01:00,0.0
2025-10-13 02:00,0.006173597811302445
2025-10-13 03:00,0.0033895348977120987
2025-10-13 04:00,0.10341401515189697
2025-10-13 05:00,0.12775224071763458
2025-10-13 06:00,0.0
2025-10-13 07:00,1.0030091274853006
2025-10-13 08:00,0.9321701107980291
2025-10-13 09:00,2.745522784230716
2025-10-13 10:00,9.02021269320237
2025-10-13 11:00,14.644253463718538
2025-10-13 12:00,19.016941817423227
2025-10-13 13:00,31.22677908151979
2025-10-13 14:00,33.393117359827436
2025-10-13 15:00,36.146234824573696
2025-10-13 16:00,35.51039080947292
2025-10-13 17:00,26.221099007036038
2025-10-13 18:00,17.61192674180221
2025-10-13 19:00,23.54073258419882
2025-10-13 20:00,13.7932370421534
2025-10-13 21:00,6.8670654229823676
2025-10-13 22:00,4.180536128608606
2025-10-13 23:00,4.806195603128692
2025-10-14 00:00,1.2421750504805071
2025-10-14 01:00,3.202511118074888
2025-10-14 02:00,1.347185310105924
2025-10-14 03:00,1.340959822229398
2025-10-14 04:00,3.338185727099246
2025-10-14 05:00,4.550090173888927
2025-10-14 06:00,4.824442029920384
2025-10-14 07:00,7.084438842533908
2025-10-14 08:00,5.3468433077864415
2025-10-14 09:00,5.925575113362304
2025-10-14 10:00,4.506297965919651
2025-10-14 11:00,2.5196359753780433
2025-10-14 12:00,2.9484790338100546
2025-10-14 13:00,2.6000272668980293
2025-10-14 14:00,1.0762485116833074
2025-10-14 15:00,0.2772809940919436
2025-10-14 16:00,0.0
2025-10-14 17:00,0.0
2025-10-14 18:00,0.21669478599899294
2025-10-14 19:00,1.0667280568390394
2025-10-14 20:00,0.7057483196492449
2025-10-14 21:00,0.7416007903859834
2025-10-14 22:00,0.6837332768221548
2025-10-14 23:00,0.6163476189155663
2025-10-15 00:00,1.991070356141999
2025-10-15 01:00,1.3010986896381933
2025-10-15 02:00,0.7900587311631624
2025-10-15 03:00,1.1713829489105692
2025-10-15 04:00,0.008499934760776817
2025-10-15 05:00,1.0145837999980514
2025-10-15 06:00,3.251748559343395
2025-10-15 07:00,1.278971039698844
2025-10-15 08:00,0.5721935330060992
2025-10-15 09:00,0.3808590656316053
2025-10-15 10:00,0.0
2025-10-15 11:00,0.04823562207495896
2025-10-15 12:00,0.3954391575037293
2025-10-15 13:00,0.11721405034798862
2025-10-15 14:00,0.06891441506593625
2025-10-15 15:00,0.26308445980998596
2025-10-15 16:00,1.4532300035592751
2025-10-15 17:00,8.498308036778184
2025-10-15 18:00,5.410921031322813
2025-10-15 19:00,4.984399416613263
2025-10-15 20:00,11.8524007187041
2025-10-15 21:00,11.388891862074395
2025-10-15 22:00,23.735478156421415
2025-10-15 23:00,35.10783690839192
2025-10-16 00:00,35.85142366283462
2025-10-16 01:00,42.99093106649853
2025-10-16 02:00,40.5682552413651
2025-10-16 03:00,45.38970796033288
2025-10-16 04:00,48.18381186081527
2025-10-16 05:00,42.84189465802505
2025-10-16 06:00,22.170896343646696
2025-10-16 07:00,12.488209809247355
2025-10-16 08:00,16.482554773807294
2025-10-16 09:00,15.70575558601831
2025-10-16 10:00,10.685173661032985
2025-10-16 11:00,4.906896260550807
2025-10-16 12:00,10.618096778927299
2025-10-16 13:00,15.907035395155434
2025-10-16 14:00,14.842508785840497
2025-10-16 15:00,19.016946868344636
2025-10-16 16:00,23.21686428064831
2025-10-16 17:00,25.92015343317332
2025-10-16 18:00,24.72711115350434
2025-10-16 19:00,22.954477307910402
2025-10-16 20:00,16.734004879249042
2025-10-16 21:00,9.686820176557958
2025-10-16 22:00,9.612295001503913
2025-10-16 23:00,12.362869599717879
2025-10-17 00:00,7.352128168705849
2025-10-17 01:00,4.098310662425795
2025-10-17 02:00,3.1279578762230367
2025-10-17 03:00,2.5997826986184163
2025-10-17 04:00,2.6214898092774326
2025-10-17 05:00,2.903179047009626
2025-10-17 06:00,2.6882208471528592
2025-10-17 07:00,2.940043387952738
2025-10-17 08:00,3.2383254367437204
2025-10-17 09:00,1.9650323845517401
2025-10-17 10:00,1.346603353602232
2025-10-17 11:00,0.5034595908688724
2025-10-17 12:00,0.16318718432425305
2025-10-17 13:00,1.140553108564107
2025-10-17 14:00,1.84366309252808
2025-10-17 15:00,4.3676044998184675
2025-10-17 16:00,9.446097771063638
2025-10-17 17:00,6.380075767157781
2025-10-17 18:00,5.413861579250361
2025-10-17 19:00,9.504751928609348
2025-10-17 20:00,9.746077211567608
2025-10-17 21:00,14.883762082748824
2025-10-17 22:00,30.365026394696763
2025-10-17 23:00,15.816925741832344
2025-10-18 00:00,10.11680454335774
2025-10-18 01:00,24.79418189932655
2025-10-18 02:00,36.211987901707275
2025-10-18 03:00,29.04292995742997
2025-10-18 04:00,27.22760696770775
2025-10-18 05:00,33.91517581939072
2025-10-18 06:00,28.525303165218624
2025-10-18 07:00,23.08686434422516
2025-10-18 08:00,27.133660643641527
2025-10-18 09:00,29.944315389980353
2025-10-18 10:00,33.791130478398394
2025-10-18 11:00,35.38150363909475
2025-10-18 12:00,43.862078912717514
2025-10-18 13:00,44.74302722169427
2025-10-18 14:00,44.27577460574419
2025-10-18 15:00,42.21261297828329
2025-10-18 16:00,39.95546549232017
2025-10-18 17:00,35.6090740313462
2025-10-18 18:00,32.23180755040919
2025-10-18 19:00,22.118610861808136
2025-10-18 20:00,14.827429145057156
2025-10-18 21:00,9.358955768230393
2025-10-18 22:00,9.144784352906845
2025-10-18 23:00,6.887616817911184
2025-10-19 00:00,5.874207745842768
2025-10-19 01:00,3.8614776895849823
2025-10-19 02:00,2.913513941700855
2025-10-19 03:00,2.624792086588898
2025-10-19 04:00,3.4697787881934947
2025-10-19 05:00,3.2639855053834728
2025-10-19 06:00,2.3166730555073376
2025-10-19 07:00,1.7108053852472613
2025-10-19 08:00,2.0556836444842777
2025-10-19 09:00,0.6201974926142413
2025-10-19 10:00,0.03139258172756454
2025-10-19 11:00,0.0764604132886989
2025-10-19 12:00,3.9889509688922677
2025-10-19 13:00,2.7631975530373243
2025-10-19 14:00,10.612058520746116
2025-10-19 15:00,18.969534636118027
2025-10-19 16:00,26.979895978528067
2025-10-19 17:00,31.946195085743245
2025-10-19 18:00,34.943488615092164
2025-10-19 19:00,36.63866594241428
2025-10-19 20:00,46.78222039813997
2025-10-19 21:00,47.99665678492586
2025-10-19 22:00,48.565085078935674
2025-10-19 23:00,46.969595695038166
2025-10-20 00:00,49.98343902806857
2025-10-20 01:00,48.035155025565295
2025-10-20 02:00,50.802610520910235
2025-10-20 03:00,48.82567854078877
2025-10-20 04:00,49.83024522314147
2025-10-20 05:00,45.10183912702573
2025-10-20 06:00,40.88463701782516
2025-10-20 07:00,38.564218330598095
2025-10-20 08:00,35.28503133858688
2025-10-20 09:00,38.816264741869176
2025-10-20 10:00,37.14190512902775
2025-10-20 11:00,40.618180869479794
2025-10-20 12:00,39.6832833086669
2025-10-20 13:00,38.83000309960502
2025-10-20 14:00,41.0884695609419
2025-10-20 15:00,42.427761159858555
2025-10-20 16:00,45.08412362266499
2025-10-20 17:00,41.6203480839595
2025-10-20 18:00,40.70641940443329
2025-10-20 19:00,41.229091949212034
2025-10-20 20:00,36.29567800217553
2025-10-20 21:00,40.617025078964275
2025-10-20 22:00,38.14712176818955
2025-10-20 23:00,31.606638267727426
2025-10-21 00:00,29.043305261552312
2025-10-21 01:00,32.38259583326408
2025-10-21 02:00,29.261705588394378
2025-10-21 03:00,29.803089533784288
2025-10-21 04:00,29.463926485078986
2025-10-21 05:00,27.951566937032354
2025-10-21 06:00,26.801175163814975
2025-10-21 07:00,22.960657985977235
2025-10-21 08:00,27.405560966569304
2025-10-21 09:00,28.24695483057435
2025-10-21 10:00,25.425146015916326
2025-10-21 11:00,30.876786383208596
2025-10-21 12:00,31.131564831943084
2025-10-21 13:00,30.911321955005285
2025-10-21 14:00,40.779172532375064
2025-10-21 15:00,41.34776654854428
2025-10-21 16:00,45.76754890886117
2025-10-21 17:00,40.493376110076184
2025-10-21 18:00,32.71899481178342
2025-10-21 19:00,35.249931532617026
2025-10-21 20:00,31.000525589797476
2025-10-21 21:00,30.897882460276747
2025-10-21 22:00,26.674580338683874
2025-10-21 23:00,23.037001659764904
2025-10-22 00:00,20.33584921656167
2025-10-22 01:00,17.17015050479375
2025-10-22 02:00,17.384751776302632
2025-10-22 03:00,17.23094302397098
2025-10-22 04:00,15.503976128932749
2025-10-22 05:00,14.624993627764967
2025-10-22 06:00,16.14633293453192
2025-10-22 07:00,12.928914977931505
2025-10-22 08:00,10.646532055271752
2025-10-22 09:00,13.709186808064661
2025-10-22 10:00,11.97523762543922
2025-10-22 11:00,14.206662912600677
2025-10-22 12:00,14.573715950729369
2025-10-22 13:00,15.02706554030527
2025-10-22 14:00,14.573391869772962
2025-10-22 15:00,14.975033970222281
2025-10-22 16:00,18.444298939998465
2025-10-22 17:00,11.586819948126974
2025-10-22 18:00,18.99547477921401
2025-10-22 19:00,19.344210173139764
2025-10-22 20:00,7.347461268939815
2025-10-22 21:00,10.46884922508303
2025-10-22 22:00,6.904022754232805
2025-10-22 23:00,3.9620413312488267
2025-10-23 00:00,4.136493572400825
2025-10-23 01:00,3.3283969669289752
2025-10-23 02:00,4.44047907026787
2025-10-23 03:00,4.974388223730872
2025-10-23 04:00,3.6737266961682655
2025-10-23 05:00,5.54730942538499
2025-10-23 06:00,2.487757952797148
2025-10-23 07:00,1.2768227908979897
2025-10-23 08:00,1.9548244583543573
2025-10-23 09:00,1.20620126828246
2025-10-23 10:00,0.8173758630776098
2025-10-23 11:00,0.4782200389120901
2025-10-23 12:00,1.363923633957177
2025-10-23 13:00,4.466783349502793
2025-10-23 14:00,3.547272142146702
2025-10-23 15:00,5.288153915028046
2025-10-23 16:00,7.727877010599453
2025-10-23 17:00,16.032059811109747
2025-10-23 18:00,15.758058212845674
2025-10-23 19:00,14.633360708819025
2025-10-23 20:00,12.416075588848933
2025-10-23 21:00,9.614126230219226
2025-10-23 22:00,8.45335404607408
2025-10-23 23:00,5.2524246591802255
2025-10-24 00:00,7.0050198786030204
2025-10-24 01:00,6.958169019096678
2025-10-24 02:00,5.057661204854466
2025-10-24 03:00,5.790785191362987
2025-10-24 04:00,6.909429376796989
2025-10-24 05:00,7.718198376067882
2025-10-24 06:00,4.77297310901999
2025-10-24 07:00,4.9916210867524144
2025-10-24 08:00,3.852662756068361
2025-10-24 09:00,4.89318263622888
2025-10-24 10:00,4.346460714064495
2025-10-24 11:00,2.8114892542462275
2025-10-24 12:00,3.0678325944076774
2025-10-24 13:00,2.199129796457167
2025-10-24 14:00,1.4370238913704227
2025-10-24 15:00,4.215424877311973
2025-10-24 16:00,8.15025295912215
2025-10-24 17:00,7.599714247376575
2025-10-24 18:00,12.934385947324778
2025-10-24 19:00,7.913681596377582
2025-10-24 20:00,7.180154412175381
2025-10-24 21:00,5.180174518208191
2025-10-24 22:00,3.3158552959811054
2025-10-24 23:00,2.9267889377812066
2025-10-25 00:00,0.14463907902130657
2025-10-25 01:00,0.0
2025-10-25 02:00,1.0717127536495452
2025-10-25 03:00,0.750346038702143
2025-10-25 04:00,2.4520354430298226
2025-10-25 05:00,1.0089655972687588
2025-10-25 06:00,1.3811273770764017
2025-10-25 07:00,2.5577097486607396
2025-10-25 08:00,3.7932754381601166
2025-10-25 09:00,11.599530761991236
2025-10-25 10:00,10.025092060193
2025-10-25 11:00,10.311218535400748
2025-10-25 12:00,10.239235350281378
2025-10-25 13:00,10.892406709061635
2025-10-25 14:00,13.106942914382556
2025-10-25 15:00,15.475056706888301
2025-10-25 16:00,21.767665522082723
2025-10-25 17:00,25.367631343689524
2025-10-25 18:00,24.402940796561953
2025-10-25 19:00,27.035744990812052
2025-10-25 20:00,17.26372461531276
2025-10-25 21:00,13.035353083771838
2025-10-25 22:00,9.270261077810694
2025-10-25 23:00,7.521006555058094
2025-10-26 00:00,6.518237528854767
2025-10-26 01:00,6.5864176336570255
2025-10-26 02:00,6.692790970433571
2025-10-26 03:00,5.772603584774671
2025-10-26 04:00,6.128231231474906
2025-10-26 05:00,15.668534735084416
2025-10-26 06:00,10.41814783910052
2025-10-26 07:00,6.02017187416202
2025-10-26 08:00,6.192450330181728
2025-10-26 09:00,4.985549243856708
2025-10-26 10:00,5.492761637874647
2025-10-26 11:00,6.0600484269682955
2025-10-26 12:00,8.289999707319367
2025-10-26 13:00,14.738252017441308
2025-10-26 14:00,25.171652732337925
2025-10-26 15:00,32.2531257157721
2025-10-26 16:00,28.34261234024817
2025-10-26 17:00,25.730319003527192
2025-10-26 18:00,24.247539750007093
2025-10-26 19:00,16.924476222239374
2025-10-26 20:00,17.448003814990766
2025-10-26 21:00,16.770707481517253
2025-10-26 22:00,12.590050682784943
2025-10-26 23:00,16.999949272094412
2025-10-27 00:00,38.49587271039945
2025-10-27 01:00,47.29154970563507
2025-10-27 02:00,47.334464183425695
2025-10-27 03:00,44.97569286675719
2025-10-27 04:00,51.84112651675009
2025-10-27 05:00,53.21721270095621
2025-10-27 06:00,50.55340881777064
2025-10-27 07:00,46.97573583378007
2025-10-27 08:00,39.73741950201605
2025-10-27 09:00,38.91779829339689
2025-10-27 10:00,26.57754060602504
2025-10-27 11:00,15.962642935525551
2025-10-27 12:00,26.089300967450455
2025-10-27 13:00,23.671076682321026
2025-10-27 14:00,38.75217535172356
2025-10-27 15:00,39.586968918262194
2025-10-27 16:00,43.76036794830266
2025-10-27 17:00,32.80156661392446
2025-10-27 18:00,21.443281026235255
2025-10-27 19:00,20.678948882702464
2025-10-27 20:00,15.761510039988629
2025-10-27 21:00,12.881652415487293
2025-10-27 22:00,10.39155160126505
2025-10-27 23:00,3.7431551960978493
2025-10-28 00:00,16.909245931371313
2025-10-28 01:00,4.291339360685997
2025-10-28 02:00,5.299751843051313
2025-10-28 03:00,16.205944117589393
2025-10-28 04:00,17.677328192993546
2025-10-28 05:00,24.112792852368024
2025-10-28 06:00,19.121933604176448
2025-10-28 07:00,19.234769625402667
2025-10-28 08:00,18.64182942998579
2025-10-28 09:00,17.463103727870426
2025-10-28 10:00,16.796189314117797
2025-10-28 11:00,12.762944205622915
2025-10-28 12:00,10.364847043925907
2025-10-28 13:00,8.591813274167318
2025-10-28 14:00,6.609325011337139
2025-10-28 15:00,4.895851406645357
2025-10-28 16:00,3.9700426871820067
2025-10-28 17:00,2.63650899319053
2025-10-28 18:00,0.8228681722666114
2025-10-28 19:00,0.8176977219835753
2025-10-28 20:00,1.8160939145467858
2025-10-28 21:00,1.7827079583497736
2025-10-28 22:00,1.4907296536949939
2025-10-28 23:00,1.5115622965585407
2025-10-29 00:00,4.105578406872315
2025-10-29 01:00,3.3069255310948757
2025-10-29 02:00,3.685344286676848
2025-10-29 03:00,4.378745809724711
2025-10-29 04:00,3.9254630640148154
2025-10-29 05:00,4.074380734367845
2025-10-29 06:00,1.8969287703631315
2025-10-29 07:00,2.2132642203793327
2025-10-29 08:00,0.5936171990477246
2025-10-29 09:00,0.8101742676190824
2025-10-29 10:00,1.014584253471594
2025-10-29 11:00,1.1833642069486843
2025-10-29 12:00,0.8426467415321048
2025-10-29 13:00,1.9462219917002563
2025-10-29 14:00,1.3551992400963537
2025-10-29 15:00,1.6122365727905743
2025-10-29 16:00,0.7039400858658524
2025-10-29 17:00,2.3316656056698877
2025-10-29 18:00,3.178548490815997
2025-10-29 19:00,3.4219081147275077
2025-10-29 20:00,3.355628870231133
2025-10-29 21:00,2.7460766159826555
2025-10-29 22:00,2.6474304389528807
2025-10-29 23:00,2.19031410574802
2025-10-30 00:00,2.671130425625777
2025-10-30 01:00,3.211593708807013
2025-10-30 02:00,2.8618299735605355
2025-10-30 03:00,3.9608038457796693
2025-10-30 04:00,3.850984837107982
2025-10-30 05:00,5.020800136656023
2025-10-30 06:00,6.239341854045725
2025-10-30 07:00,2.697858601799531
2025-10-30 08:00,0.9571702607658574
2025-10-30 09:00,0.4975514469290817
2025-10-30 10:00,0.546593719761898
2025-10-30 11:00,0.0712438643499892
2025-10-30 12:00,0.44045370843168297
2025-10-30 13:00,0.5041172477937366
2025-10-30 14:00,0.5070741300810053
2025-10-30 15:00,0.37026171444586053
2025-10-30 16:00,0.9992144246796244
2025-10-30 17:00,0.33366499874429334
2025-10-30 18:00,1.4413243902351907
2025-10-30 19:00,3.5281192992374626
2025-10-30 20:00,2.96479297217683
2025-10-30 21:00,3.2336239900442214
2025-10-30 22:00,3.2961108345666927
2025-10-30 23:00,4.045788265668082
2025-10-31 00:00,3.89940168615211
2025-10-31 01:00,2.4348038332832322
2025-10-31 02:00,2.7448173508231752
2025-10-31 03:00,3.415866556123235
2025-10-31 04:00,2.968796905206342
2025-10-31 05:00,3.348954581797509
2025-10-31 06:00,3.313932391452321
2025-10-31 07:00,4.2232450352602005
2025-10-31 08:00,1.462430339402913
2025-10-31 09:00,1.7081841340802093
2025-10-31 10:00,0.2971773501541646
2025-10-31 11:00,0.5334741254645323
2025-10-31 12:00,0.3664722473642307
2025-10-31 13:00,0.6666252265882067
2025-10-31 14:00,2.9901282848262656
2025-10-31 15:00,4.126170265991886
2025-10-31 16:00,4.615138052764259
2025-10-31 17:00,3.2160651820404693
2025-10-31 18:00,3.3827233487123642
2025-10-31 19:00,5.324939383380727
2025-10-31 20:00,3.4593768235024296
2025-10-31 21:00,3.8243291734838483
2025-10-31 22:00,6.4232226485192285
2025-10-31 23:00,15.188983419344124
2025-11-01 00:00,0.8083594189236101
2025-11-01 01:00,3.7650631037018694
2025-11-01 02:00,6.223508818288972
2025-11-01 03:00,2.859937834238984
2025-11-01 04:00,12.8053545574838
2025-11-01 05:00,21.238996314354548
2025-11-01 06:00,12.777421360642245
2025-11-01 07:00,9.573973761825808
2025-11-01 08:00,12.162999126911183
2025-11-01 09:00,27.56511229515035
2025-11-01 10:00,31.950094389792234
2025-11-01 11:00,25.557947522640433
2025-11-01 12:00,26.593941565364588
2025-11-01 13:00,16.94180949739642
2025-11-01 14:00,15.919738258749822
2025-11-01 15:00,14.215598213153104
2025-11-01 16:00,17.466558729138505
2025-11-01 17:00,20.589147308052187
2025-11-01 18:00,25.402996189721925
2025-11-01 19:00,20.93771775824609
2025-11-01 20:00,15.465643564318466
2025-11-01 21:00,10.092368528861273
2025-11-01 22:00,13.433715728890615
2025-11-01 23:00,24.87574146426998
2025-11-02 00:00,36.528007867216964
2025-11-02 01:00,28.541373213205205
2025-11-02 02:00,30.2754019645185
2025-11-02 03:00,35.70743959169988
2025-11-02 04:00,32.38282942772482
2025-11-02 05:00,33.96141985244574
2025-11-02 06:00,29.93575096240335
2025-11-02 07:00,40.54052413232975
2025-11-02 08:00,38.40312354007946
2025-11-02 09:00,54.909898815025414
2025-11-02 10:00,55.25692172412615
2025-11-02 11:00,57.38102855953916
2025-11-02 12:00,54.85438152923011
2025-11-02 13:00,54.55145998308605
2025-11-02 14:00,49.230382876990916
2025-11-02 15:00,51.00179526372477
2025-11-02 16:00,51.92311739251145
2025-11-02 17:00,51.01045802880108
2025-11-02 18:00,52.86485559814828
2025-11-02 19:00,48.8984733882397
2025-11-02 20:00,50.45922877234628
2025-11-02 21:00,52.66763520957163
2025-11-02 22:00,52.37297083246113
2025-11-02 23:00,48.56644192268028
2025-11-03 00:00,52.095643702355396
2025-11-03 01:00,49.585013145371974
2025-11-03 02:00,40.41612159262615
2025-11-03 03:00,34.47019492774918
2025-11-03 04:00,29.597995066780292
2025-11-03 05:00,21.053111195046334
2025-11-03 06:00,11.190702332065332
2025-11-03 07:00,10.386109705922518
2025-11-03 08:00,6.333356047365278
2025-11-03 09:00,8.206708702704061
2025-11-03 10:00,5.738550531927471
2025-11-03 11:00,3.981093218509271
2025-11-03 12:00,2.330569195938239
2025-11-03 13:00,0.15016681396254478
2025-11-03 14:00,0.7531850979571828
2025-11-03 15:00,0.7377158272574398
2025-11-03 16:00,0.8027076366428514
2025-11-03 17:00,2.8052002820528057
2025-11-03 18:00,2.0719851826499567
2025-11-03 19:00,2.776451067578078
2025-11-03 20:00,2.8076187890090085
2025-11-03 21:00,0.9655537632281573
2025-11-03 22:00,0.6342549932197574
2025-11-03 23:00,1.0434644986801973
2025-11-04 00:00,1.0512849279038738
2025-11-04 01:00,1.281682665916883
2025-11-04 02:00,2.2550269464900348
2025-11-04 03:00,3.7046986993674342
2025-11-04 04:00,2.077840682070092
2025-11-04 05:00,3.595304828461123
2025-11-04 06:00,2.663831602629988
2025-11-04 07:00,1.4250126784208432
2025-11-04 08:00,0.9752646277669343
2025-11-04 09:00,0.41376721236774483
2025-11-04 10:00,0.48070967783504326
2025-11-04 11:00,0.6397911526924269
2025-11-04 12:00,0.6080938626030108
2025-11-04 13:00,0.9061121113434623
2025-11-04 14:00,0.8455422650042298
2025-11-04 15:00,2.0595353624470603
2025-11-04 16:00,4.299942589495416
2025-11-04 17:00,4.859777907416477
2025-11-04 18:00,7.750131968342021
2025-11-04 19:00,12.41779556605093
2025-11-04 20:00,10.97286967831536
2025-11-04 21:00,8.002146935406284
2025-11-04 22:00,6.8381693915458746
2025-11-04 23:00,6.941062644618257
2025-11-05 00:00,7.872472070082922
2025-11-05 01:00,6.802788237242411
2025-11-05 02:00,7.878817829680392
2025-11-05 03:00,9.686442690367834
2025-11-05 04:00,9.888976384754589
2025-11-05 05:00,10.899558448430799
2025-11-05 06:00,6.093441893629114
2025-11-05 07:00,4.108748295529811
2025-11-05 08:00,4.600207072377993
2025-11-05 09:00,2.4504920875025116
2025-11-05 10:00,1.972380934388426
2025-11-05 11:00,2.247915077467921
2025-11-05 12:00,2.514489548635168
2025-11-05 13:00,2.708846112075831
2025-11-05 14:00,3.5228922072168647
2025-11-05 15:00,5.6135839244916275
2025-11-05 16:00,7.624673897036933
2025-11-05 17:00,10.348435521562845
2025-11-05 18:00,10.033995686277201
2025-11-05 19:00,10.313167948237751
2025-11-05 20:00,9.082876447467608
2025-11-05 21:00,5.588205165539493
2025-11-05 22:00,3.0589644637951197
2025-11-05 23:00,4.756263362310332
2025-11-06 00:00,9.669493818261587
2025-11-06 01:00,5.311237865801138
2025-11-06 02:00,6.132170719452313
2025-11-06 03:00,5.267547740012725
2025-11-06 04:00,7.008611012125975
2025-11-06 05:00,5.64720757896636
2025-11-06 06:00,2.8798957970541177
2025-11-06 07:00,3.82979737868848
2025-11-06 08:00,2.957724864145203
2025-11-06 09:00,1.9315836227491407
2025-11-06 10:00,4.734134599282955
2025-11-06 11:00,8.184611944255453
2025-11-06 12:00,21.21726229926699
2025-11-06 13:00,24.06973641808485
2025-11-06 14:00,23.083043996031666
2025-11-06 15:00,21.73792286542967
2025-11-06 16:00,21.7468934747652
2025-11-06 17:00,14.053097763118966
2025-11-06 18:00,9.494503179165797
2025-11-06 19:00,7.5605038773892765
2025-11-06 20:00,4.754959501325962
2025-11-06 21:00,3.363854830019183
2025-11-06 22:00,4.862189319710088
2025-11-06 23:00,5.500458319710462
2025-11-07 00:00,2.463488752290105
2025-11-07 01:00,0.7088886177170339
2025-11-07 02:00,0.6291320080031202
2025-11-07 03:00,1.6995144918830911
2025-11-07 04:00,2.327522346332855
2025-11-07 05:00,2.1559973973921265
2025-11-07 06:00,2.6086922629195
2025-11-07 07:00,1.7084898973366467
2025-11-07 08:00,0.286629532859316
2025-11-07 09:00,0.15280908286727501
2025-11-07 10:00,0.0
2025-11-07 11:00,0.05096063631905867
2025-11-07 12:00,0.0736417993900726
2025-11-07 13:00,0.0
2025-11-07 14:00,0.14817280318738163
2025-11-07 15:00,0.3145280299422203
2025-11-07 16:00,0.262643883939817
2025-11-07 17:00,1.2354055447371939
2025-11-07 18:00,2.97969428765805
2025-11-07 19:00,3.1248740191986073
2025-11-07 20:00,2.1095266979981298
2025-11-07 21:00,0.49665046709580785
2025-11-07 22:00,0.1430043765540927
2025-11-07 23:00,2.186986931283415
2025-11-08 00:00,1.6044686601505123
2025-11-08 01:00,4.2498440686141485
2025-11-08 02:00,4.388740510884924
2025-11-08 03:00,4.0813060350778265
2025-11-08 04:00,6.781218130528143
2025-11-08 05:00,4.819342824392855
2025-11-08 06:00,5.5885078145388345
2025-11-08 07:00,4.448134847294988
2025-11-08 08:00,4.327030500167317
2025-11-08 09:00,5.723324202218208
2025-11-08 10:00,12.131027639539305
2025-11-08 11:00,13.397183540640203
2025-11-08 12:00,10.851717491760443
2025-11-08 13:00,8.647541238717391
2025-11-08 14:00,2.7197715731652807
2025-11-08 15:00,1.2243442722912232
2025-11-08 16:00,0.973754718911452
2025-11-08 17:00,1.3188109847778842
2025-11-08 18:00,1.987490929131575
2025-11-08 19:00,2.242416900566909
2025-11-08 20:00,7.708963304471655
2025-11-08 21:00,16.84553734325109
2025-11-08 22:00,23.162169060085347
2025-11-08 23:00,13.632173265155377
2025-11-09 00:00,2.617738210577341
2025-11-09 01:00,1.0482306050618824
2025-11-09 02:00,0.7168504329910995
2025-11-09 03:00,1.258585846112733
2025-11-09 04:00,0.20602190322398162
2025-11-09 05:00,1.0835489552503326
2025-11-09 06:00,3.2260341265547483
2025-11-09 07:00,4.758838821247544
2025-11-09 08:00,4.046723687663334
2025-11-09 09:00,6.870125597275725
2025-11-09 10:00,7.769804414435096
2025-11-09 11:00,9.603622364373521
2025-11-09 12:00,11.921425687060525
2025-11-09 13:00,16.85470888370527
2025-11-09 14:00,15.26164205862904
2025-11-09 15:00,16.55884685499843
2025-11-09 16:00,15.039554415615264
2025-11-09 17:00,9.068125591605385
2025-11-09 18:00,8.814515966160194
2025-11-09 19:00,22.754627128835367
2025-11-09 20:00,32.1926124932128
2025-11-09 21:00,39.255850281621406
2025-11-09 22:00,43.81584507731417
2025-11-09 23:00,44.84953844239883
2025-11-10 00:00,45.96222728176588
2025-11-10 01:00,44.12775418973983
2025-11-10 02:00,47.85697300046722
2025-11-10 03:00,48.109332365731746
2025-11-10 04:00,41.60166704556379
2025-11-10 05:00,36.86349658064479
2025-11-10 06:00,36.41511145919869
2025-11-10 07:00,38.3656888149508
2025-11-10 08:00,34.50993346932951
2025-11-10 09:00,41.382570386118786
2025-11-10 10:00,50.1797816459805
2025-11-10 11:00,45.639496873128905
2025-11-10 12:00,43.63039607408959
2025-11-10 13:00,43.38240784989471
2025-11-10 14:00,38.94531403874928
2025-11-10 15:00,37.76105973406629
2025-11-10 16:00,33.1292582721638
2025-11-10 17:00,22.273031868203937
2025-11-10 18:00,15.954854905231514
2025-11-10 19:00,14.431374592763007
2025-11-10 20:00,9.490356583109076
2025-11-10 21:00,7.044278522457947
2025-11-10 22:00,7.070395020140905
2025-11-10 23:00,5.299413367212664
2025-11-11 00:00,8.108831431922475
2025-11-11 01:00,12.251353002275875
2025-11-11 02:00,9.65082090388827
2025-11-11 03:00,9.70253686967862
2025-11-11 04:00,10.261501776899918
2025-11-11 05:00,8.762863144350344
2025-11-11 06:00,6.553740790489515
2025-11-11 07:00,6.099501532625781
2025-11-11 08:00,2.4279143673926775
2025-11-11 09:00,4.050747450925572
2025-11-11 10:00,2.6637557562850973
2025-11-11 11:00,2.3003788903859728
2025-11-11 12:00,2.1406836933584676
2025-11-11 13:00,5.2824553793187565
2025-11-11 14:00,5.639792696723283
2025-11-11 15:00,7.644020590799784
2025-11-11 16:00,6.387490410499647
2025-11-11 17:00,10.821204758996863
2025-11-11 18:00,6.826918067825118
2025-11-11 19:00,4.943047759653742
2025-11-11 20:00,4.607690959545576
2025-11-11 21:00,2.6032460281131917
2025-11-11 22:00,2.0006858603268385
2025-11-11 23:00,1.8125009321532743
2025-11-12 00:00,6.145850659248675
2025-11-12 01:00,2.9166234315634276
2025-11-12 02:00,2.088435079933992
2025-11-12 03:00,5.735459453900766
2025-11-12 04:00,5.056147684056773
2025-11-12 05:00,5.954660419689964
2025-11-12 06:00,6.650862071020238
2025-11-12 07:00,4.250452946975326
2025-11-12 08:00,2.739035540683445
2025-11-12 09:00,1.9132466725793913
2025-11-12 10:00,0.5567178857687218
2025-11-12 11:00,0.5566125715742242
2025-11-12 12:00,0.5565494662846735
2025-11-12 13:00,0.2269122425936586
2025-11-12 14:00,0.6995495666204845
2025-11-12 15:00,1.459304752724442
2025-11-12 16:00,3.1126308800607543
2025-11-12 17:00,6.45339100694052
2025-11-12 18:00,6.953769706061468
2025-11-12 19:00,6.109412290878165
2025-11-12 20:00,3.3588226606965725
2025-11-12 21:00,4.259249425891669
2025-11-12 22:00,3.682479979018663
2025-11-12 23:00,2.273916529189169
2025-11-13 00:00,3.5438439760169165
2025-11-13 01:00,5.290679175048327
2025-11-13 02:00,6.469957754814409
2025-11-13 03:00,5.180738069153633
2025-11-13 04:00,5.493605763003128
2025-11-13 05:00,4.286305500895818
2025-11-13 06:00,3.9759960824386242
2025-11-13 07:00,2.086790789536098
2025-11-13 08:00,0.6869395767322717
2025-11-13 09:00,0.26275921052846524
2025-11-13 10:00,1.0617442281391414
2025-11-13 11:00,0.7017072031188593
2025-11-13 12:00,0.9013023155351447
2025-11-13 13:00,4.244881247114347
2025-11-13 14:00,11.359942107313545
2025-11-13 15:00,17.01085549710663
2025-11-13 16:00,21.14892321106679
2025-11-13 17:00,18.127088633199833
2025-11-13 18:00,19.17713817795557
2025-11-13 19:00,22.298314958809055
2025-11-13 20:00,14.682884407193036
2025-11-13 21:00,10.230125418931719
2025-11-13 22:00,12.72692597350196
2025-11-13 23:00,8.797777591764365
2025-11-14 00:00,6.200480477257195
2025-11-14 01:00,6.591477374792753
2025-11-14 02:00,5.191334987102577
2025-11-14 03:00,6.135187342277711
2025-11-14 04:00,8.434592118851212
2025-11-14 05:00,8.688772752840489
2025-11-14 06:00,6.925002517077578
2025-11-14 07:00,5.9925222244406005
2025-11-14 08:00,3.7950037099926393
2025-11-14 09:00,4.626178742146374
2025-11-14 10:00,7.560312803371941
2025-11-14 11:00,16.831341155711367
2025-11-14 12:00,16.02296561376359
2025-11-14 13:00,13.369180871851983
2025-11-14 14:00,12.801613339732505
2025-11-14 15:00,15.42198068788795
2025-11-14 16:00,13.387513320019815
2025-11-14 17:00,13.690514437136486
2025-11-14 18:00,15.508459998753146
2025-11-14 19:00,17.375954192208628
2025-11-14 20:00,10.515919431884253
2025-11-14 21:00,6.956442100889799
2025-11-14 22:00,6.365199799167652
2025-11-14 23:00,4.362556084120247
2025-11-15 00:00,3.8117327552758256
2025-11-15 01:00,2.074849070619211
2025-11-15 02:00,3.2478827156169268
2025-11-15 03:00,3.96214569150654
2025-11-15 04:00,3.1152156274411302
2025-11-15 05:00,2.337393969777828
2025-11-15 06:00,0.7816340385352009
2025-11-15 07:00,0.8892387960540551
2025-11-15 08:00,0.4927974025455538
2025-11-15 09:00,0.6014323121843957
2025-11-15 10:00,0.5939831691643076
2025-11-15 11:00,0.7296580820826566
2025-11-15 12:00,0.5736831070888064
2025-11-15 13:00,1.1853378014468243
2025-11-15 14:00,0.8933993814855946
2025-11-15 15:00,1.9032816169107134
2025-11-15 16:00,3.0546919117937463
2025-11-15 17:00,3.521479654439416
2025-11-15 18:00,3.60033466236816
2025-11-15 19:00,5.3492770850880005
2025-11-15 20:00,5.222003440607286
2025-11-15 21:00,3.326020126986156
2025-11-15 22:00,0.8654985737224014
2025-11-15 23:00,2.0719655770558485
2025-11-16 00:00,0.40085063420005074
2025-11-16 01:00,1.4431729753227631
2025-11-16 02:00,0.9362542016956928
2025-11-16 03:00,1.1141304160281134
2025-11-16 04:00,0.6015194598294956
2025-11-16 05:00,0.6285812638594901
2025-11-16 06:00,1.204188461400764
2025-11-16 07:00,0.7132834522499139
2025-11-16 08:00,0.5930915302102399
2025-11-16 09:00,0.30224364272198295
2025-11-16 10:00,1.476715521720997
2025-11-16 11:00,0.6532449693297429
2025-11-16 12:00,4.107646770377186
2025-11-16 13:00,3.872051648028418
2025-11-16 14:00,2.9781200788036437
2025-11-16 15:00,2.6003020942964588
2025-11-16 16:00,1.8080603514680647
2025-11-16 17:00,2.2141366656311616
2025-11-16 18:00,2.922409013830767
2025-11-16 19:00,5.603372818228442
2025-11-16 20:00,15.215133914215976
2025-11-16 21:00,13.590573351465519
2025-11-16 22:00,19.61426417095124
2025-11-16 23:00,22.34597380753458
2025-11-17 00:00,24.726524787545713
2025-11-17 01:00,42.45316591039686
2025-11-17 02:00,47.346777471564565
2025-11-17 03:00,48.25964884176153
2025-11-17 04:00,46.37503158023162
2025-11-17 05:00,47.05680470410837
2025-11-17 06:00,44.31846491883832
2025-11-17 07:00,43.338398555458184
2025-11-17 08:00,39.6247882789798
2025-11-17 09:00,35.18413964227526
2025-11-17 10:00,46.62331876983441
2025-11-17 11:00,43.44591371581434
2025-11-17 12:00,44.311777911853056
2025-11-17 13:00,46.075267808196585
2025-11-17 14:00,46.49712838803567
2025-11-17 15:00,46.35441113781995
2025-11-17 16:00,46.01319194339522
2025-11-17 17:00,47.06827494035262
2025-11-17 18:00,47.64182723111847
2025-11-17 19:00,48.25400243064699
2025-11-17 20:00,46.0696964550217
2025-11-17 21:00,45.312428650087085
2025-11-17 22:00,44.12243840075062
2025-11-17 23:00,44.275609505534945
2025-11-18 00:00,46.17764207611941
2025-11-18 01:00,49.731446321731724
2025-11-18 02:00,49.45683212918633
2025-11-18 03:00,51.77159814617935
2025-11-18 04:00,45.64038581951372
2025-11-18 05:00,52.94415354639786
2025-11-18 06:00,49.05767904543162
2025-11-18 07:00,39.61237938591447
2025-11-18 08:00,33.552219964319335
2025-11-18 09:00,29.157766357824883
2025-11-18 10:00,43.873572704345264
2025-11-18 11:00,47.41820803174777
2025-11-18 12:00,54.16370207843481
2025-11-18 13:00,50.80678002859119
2025-11-18 14:00,41.29306971244167
2025-11-18 15:00,35.96433998182211
2025-11-18 16:00,40.75990533597954
2025-11-18 17:00,30.310059832026177
2025-11-18 18:00,35.75812168504291
2025-11-18 19:00,38.9680002189572
2025-11-18 20:00,31.003820985700045
2025-11-18 21:00,24.45222709601054
2025-11-18 22:00,23.487244607267556
2025-11-18 23:00,24.41848058809589
2025-11-19 00:00,13.369304343816102
2025-11-19 01:00,16.483474112194443
2025-11-19 02:00,6.368412424922035
2025-11-19 03:00,2.3770109308107865
2025-11-19 04:00,5.17171483541694
2025-11-19 05:00,9.152276562655379
2025-11-19 06:00,3.7064543060874944
2025-11-19 07:00,1.882931543690832
2025-11-19 08:00,2.81818842091578
2025-11-19 09:00,2.4963440743155045
2025-11-19 10:00,0.509825966555042
2025-11-19 11:00,0.6856473043729824
2025-11-19 12:00,1.4965609331984138
2025-11-19 13:00,1.599698620088243
2025-11-19 14:00,4.359476542074014
2025-11-19 15:00,2.2335487986098674
2025-11-19 16:00,3.1405061836016563
2025-11-19 17:00,3.3055871141029565
2025-11-19 18:00,2.086578347267774
2025-11-19 19:00,2.1320321214064126
2025-11-19 20:00,1.0110417654961628
2025-11-19 21:00,1.356627206605888
2025-11-19 22:00,0.3791732241433139
2025-11-19 23:00,1.1523738350358181
2025-11-20 00:00,0.0
2025-11-20 01:00,0.33174444312647444
2025-11-20 02:00,0.18114382067388723
2025-11-20 03:00,0.7419489046377594
2025-11-20 04:00,0.5899601288364764
2025-11-20 05:00,1.4117981570389042
2025-11-20 06:00,2.6217342435601148
2025-11-20 07:00,1.4716393756097785
2025-11-20 08:00,1.060548967939814
2025-11-20 09:00,3.594366886376428
2025-11-20 10:00,4.017229814448434
2025-11-20 11:00,5.175797123276334
2025-11-20 12:00,6.630646956973206
2025-11-20 13:00,10.086684882316135
2025-11-20 14:00,15.828210261602464
2025-11-20 15:00,18.733171843579594
2025-11-20 16:00,19.05030446114941
2025-11-20 17:00,10.783335264488791
2025-11-20 18:00,7.815317739850158
2025-11-20 19:00,19.09810144048826
2025-11-20 20:00,23.22723342283284
2025-11-20 21:00,21.5371090326282
2025-11-20 22:00,22.27397272057921
2025-11-20 23:00,28.004923185975613
2025-11-21 00:00,20.102801546651257
2025-11-21 01:00,17.86672321650855
2025-11-21 02:00,14.194794397378972
2025-11-21 03:00,9.508570411635088
2025-11-21 04:00,9.913667765353807
2025-11-21 05:00,6.886693181269619
2025-11-21 06:00,2.4203105099045152
2025-11-21 07:00,1.9098263430673201
2025-11-21 08:00,1.3895555617204005
2025-11-21 09:00,0.7428653957369244
2025-11-21 10:00,0.40563067757953586
2025-11-21 11:00,0.10222745610065757
2025-11-21 12:00,1.5601592403390487
2025-11-21 13:00,4.007744910375642
2025-11-21 14:00,4.793077748624581
2025-11-21 15:00,4.371603622013881
2025-11-21 16:00,5.074001201705785
2025-11-21 17:00,3.8968802619630853
2025-11-21 18:00,5.20328993481664
2025-11-21 19:00,3.935556130548211
2025-11-21 20:00,1.802315972708278
2025-11-21 21:00,4.308074738016964
2025-11-21 22:00,5.260404200033986
2025-11-21 23:00,3.767139184823421
2025-11-22 00:00,4.458229034337672
2025-11-22 01:00,5.266907935567913
2025-11-22 02:00,11.022226750237907
2025-11-22 03:00,4.816797890169245
2025-11-22 04:00,6.95490792270194
2025-11-22 05:00,10.134200560859389
2025-11-22 06:00,6.730487261689584
2025-11-22 07:00,11.346248502829873
2025-11-22 08:00,2.836975333723548
2025-11-22 09:00,0.7499613553920152
2025-11-22 10:00,0.17225466054363192
2025-11-22 11:00,1.1474775442305414
2025-11-22 12:00,1.6299509382890127
2025-11-22 13:00,0.7167297488053173
2025-11-22 14:00,1.8724201333906667
2025-11-22 15:00,3.43191443145175
2025-11-22 16:00,3.938155949039977
2025-11-22 17:00,2.4674749627611092
2025-11-22 18:00,2.0001501155066137
2025-11-22 19:00,3.52982631916963
2025-11-22 20:00,3.5039821454787736
2025-11-22 21:00,4.518191705755833
2025-11-22 22:00,7.402739074268475
2025-11-22 23:00,6.277160030733469
2025-11-23 00:00,5.194427424053439
2025-11-23 01:00,4.486590220923128
2025-11-23 02:00,4.137338088481504
2025-11-23 03:00,6.6650556363895745
2025-11-23 04:00,9.658009993856004
2025-11-23 05:00,11.59477595188918
2025-11-23 06:00,14.167072013473732
2025-11-23 07:00,25.35912940515039
2025-11-23 08:00,15.726547445197482
2025-11-23 09:00,15.552419286601808
2025-11-23 10:00,21.02344554912905
2025-11-23 11:00,23.546745309097464
2025-11-23 12:00,17.88657612423186
2025-11-23 13:00,14.75087710637193
2025-11-23 14:00,9.359738036249684
2025-11-23 15:00,10.516484483834507
2025-11-23 16:00,13.875272082584676
2025-11-23 17:00,15.734490229329596
2025-11-23 18:00,17.633305070020768
2025-11-23 19:00,22.354974660403116
2025-11-23 20:00,27.6517485281666
2025-11-23 21:00,16.65353524231147
2025-11-23 22:00,20.60665733428855
2025-11-23 23:00,14.989176847298765
2025-11-24 00:00,17.153663044322734
2025-11-24 01:00,15.722362173238054
2025-11-24 02:00,16.109776752280865
2025-11-24 03:00,22.58987835124635
2025-11-24 04:00,18.042667408738758
2025-11-24 05:00,17.020089818193174
2025-11-24 06:00,25.746329046204742
2025-11-24 07:00,24.020148117134127
2025-11-24 08:00,30.315327342871534
2025-11-24 09:00,28.781587122315052
2025-11-24 10:00,26.564571954415214
2025-11-24 11:00,22.422059786382448
2025-11-24 12:00,17.780693115763132
2025-11-24 13:00,13.378262798820993
2025-11-24 14:00,18.37921861978098
2025-11-24 15:00,15.031971229246885
2025-11-24 16:00,8.978109378680617
2025-11-24 17:00,6.269002468882698
2025-11-24 18:00,7.229883407000652
2025-11-24 19:00,9.395555644823856
2025-11-24 20:00,6.286156155450723
2025-11-24 21:00,7.429223977789254
2025-11-24 22:00,5.358624984787489
2025-11-24 23:00,6.371147419298461
2025-11-25 00:00,9.028316765021257
2025-11-25 01:00,7.575598329598901
2025-11-25 02:00,8.023112588909745
2025-11-25 03:00,11.010402655480926
2025-11-25 04:00,9.394186107827675
2025-11-25 05:00,11.720547553810574
2025-11-25 06:00,16.362811606636377
2025-11-25 07:00,18.046849450331802
2025-11-25 08:00,57.72310981077099
2025-11-25 09:00,52.37141965863415
2025-11-25 10:00,48.9938378774402
2025-11-25 11:00,52.96301253650134
2025-11-25 12:00,55.73869193858127
2025-11-25 13:00,56.89005518872717
2025-11-25 14:00,55.43508422756162
2025-11-25 15:00,57.784807992220394
2025-11-25 16:00,53.25766724017715
2025-11-25 17:00,55.81838177660887
2025-11-25 18:00,52.43528688564335
2025-11-25 19:00,52.70650540190869
2025-11-25 20:00,50.51967027522855
2025-11-25 21:00,46.85820452715403
2025-11-25 22:00,44.54382491982075
2025-11-25 23:00,40.186537156265246
2025-11-26 00:00,18.838847216142167
2025-11-26 01:00,9.819280350332313
2025-11-26 02:00,10.708101770154151
2025-11-26 03:00,4.630364386723081
2025-11-26 04:00,2.5671812562208007
2025-11-26 05:00,3.427944391764205
2025-11-26 06:00,3.398917171251858
2025-11-26 07:00,1.6121661287103621
2025-11-26 08:00,1.2533900755930871
2025-11-26 09:00,1.2067984491766386
2025-11-26 10:00,0.5922643314667008
2025-11-26 11:00,0.5751577477716077
2025-11-26 12:00,0.05995307087765669
2025-11-26 13:00,0.36825594842693865
2025-11-26 14:00,0.8961902298331398
2025-11-26 15:00,1.5213534989067932
2025-11-26 16:00,1.1341100499222634
2025-11-26 17:00,0.6438757196096803
2025-11-26 18:00,0.22430632260267247
2025-11-26 19:00,0.15396546972515474
2025-11-26 20:00,1.1785219655641488
2025-11-26 21:00,0.5042039217563459
2025-11-26 22:00,1.1034486136633852
2025-11-26 23:00,1.7929912645221486
2025-11-27 00:00,8.007901983865242
2025-11-27 01:00,9.570935114361419
2025-11-27 02:00,14.41564257419176
2025-11-27 03:00,31.42595879035187
2025-11-27 04:00,36.76129507348327
2025-11-27 05:00,41.24331978451377
2025-11-27 06:00,40.147325854347116
2025-11-27 07:00,41.676694035960494
2025-11-27 08:00,46.26807756163068
2025-11-27 09:00,47.07785617903481
2025-11-27 10:00,35.38243557217008
2025-11-27 11:00,52.231748182273364
2025-11-27 12:00,57.61876221380064
2025-11-27 13:00,57.570878880529456
2025-11-27 14:00,54.96822176370283
2025-11-27 15:00,55.01721377391987
2025-11-27 16:00,49.119104922634904
2025-11-27 17:00,49.82378827101029
2025-11-27 18:00,56.91826237004052
2025-11-27 19:00,60.68637492958033
2025-11-27 20:00,57.55969157040174
2025-11-27 21:00,56.50493554901275
2025-11-27 22:00,58.49917483103813
2025-11-27 23:00,59.69724677613254
2025-11-28 00:00,55.713942249523285
2025-11-28 01:00,51.292871681540625
2025-11-28 02:00,48.291312917672975
2025-11-28 03:00,48.502138187487134
2025-11-28 04:00,45.657599582987984
2025-11-28 05:00,36.690155537506
2025-11-28 06:00,31.73789278412235
2025-11-28 07:00,26.78708630400173
2025-11-28 08:00,28.918031221686253
2025-11-28 09:00,25.96702188747704
2025-11-28 10:00,18.045066582612655
2025-11-28 11:00,15.398437212923792
2025-11-28 12:00,8.771905590096832
2025-11-28 13:00,7.097379717450519
2025-11-28 14:00,8.459193127095466
2025-11-28 15:00,7.622503077436608
2025-11-28 16:00,8.390526443662777
2025-11-28 17:00,6.478549564634302
2025-11-28 18:00,5.64938349953027
2025-11-28 19:00,0.7343826362818422
2025-11-28 20:00,1.6384857984055814
2025-11-28 21:00,2.764477306029394
2025-11-28 22:00,2.5296946980728414
2025-11-28 23:00,2.623698296343413
2025-11-29 00:00,1.5688943991947615
2025-11-29 01:00,2.2258348673160153
2025-11-29 02:00,2.057642896872927
2025-11-29 03:00,3.369611076497211
2025-11-29 04:00,3.0266155532245587
2025-11-29 05:00,3.9806537349502076
2025-11-29 06:00,5.881376165960299
2025-11-29 07:00,5.964205407560057
2025-11-29 08:00,6.7664068551697305
2025-11-29 09:00,13.112129238841831
2025-11-29 10:00,24.71933964497093
2025-11-29 11:00,30.98152020631693
2025-11-29 12:00,31.89327576172529
2025-11-29 13:00,37.66904599428947
2025-11-29 14:00,42.4342887827985
2025-11-29 15:00,40.269302881591415
2025-11-29 16:00,37.85068718007088
2025-11-29 17:00,35.409140395380746
2025-11-29 18:00,36.10064487054282
2025-11-29 19:00,35.682917799872385
2025-11-29 20:00,37.52304225405092
2025-11-29 21:00,39.53534306554673
2025-11-29 22:00,36.41714206705054
2025-11-29 23:00,27.629164385158646
2025-11-30 00:00,42.89061185073089
2025-11-30 01:00,39.60330238610753
2025-11-30 02:00,36.66786028499411
2025-11-30 03:00,31.91117000159848
2025-11-30 04:00,24.820411645511165
2025-11-30 05:00,17.576720364378968
2025-11-30 06:00,19.543606516690087
2025-11-30 07:00,15.128295763954272
2025-11-30 08:00,15.567342690884871
2025-11-30 09:00,12.285992520264362
2025-11-30 10:00,21.064005939441003
2025-11-30 11:00,23.84020613658383
2025-11-30 12:00,22.572717118490637
2025-11-30 13:00,25.10703980757912
2025-11-30 14:00,18.33081851438285
2025-11-30 15:00,23.09416421652538
2025-11-30 16:00,26.967176213172987
2025-11-30 17:00,30.61039751769867
2025-11-30 18:00,26.424082293662394
2025-11-30 19:00,30.327657146208775
2025-11-30 20:00,30.35004734774372
2025-11-30 21:00,17.411074100737714
2025-11-30 22:00,13.651864971311573
2025-11-30 23:00,9.245247671605721
2025-12-01 00:00,25.271671686308196
2025-12-01 01:00,35.207066327907775
2025-12-01 02:00,35.40715271691553
2025-12-01 03:00,30.277918174433882
2025-12-01 04:00,32.61384048458295
2025-12-01 05:00,22.992058148804077
2025-12-01 06:00,24.321381182137394
2025-12-01 07:00,20.273713998308313
2025-12-01 08:00,16.897607608849327
2025-12-01 09:00,18.239978780917586
2025-12-01 10:00,21.171808326187552
2025-12-01 11:00,22.30061594184867
2025-12-01 12:00,28.856613548271817
2025-12-01 13:00,28.464842218654326
2025-12-01 14:00,30.977444805135733
2025-12-01 15:00,31.064758044261538
2025-12-01 16:00,33.80837847461258
2025-12-01 17:00,34.63733894044279
2025-12-01 18:00,23.10912453640026
2025-12-01 19:00,17.59468710719414
2025-12-01 20:00,13.725056470747276
2025-12-01 21:00,13.117495553263327
2025-12-01 22:00,15.166800076965059
2025-12-01 23:00,17.867200228304114
2025-12-02 00:00,27.392427597970283
2025-12-02 01:00,30.493672997980575
2025-12-02 02:00,33.5851723045655
2025-12-02 03:00,33.968701687830034
2025-12-02 04:00,30.457747858920346
2025-12-02 05:00,31.649964176637702
2025-12-02 06:00,31.230385867487563
2025-12-02 07:00,35.85263179973205
2025-12-02 08:00,42.903734314161355
2025-12-02 09:00,50.95060767969136
2025-12-02 10:00,47.28787435973351
2025-12-02 11:00,46.67181125789122
2025-12-02 12:00,46.56035584740603
2025-12-02 13:00,44.018418745399345
2025-12-02 14:00,47.46374089468642
2025-12-02 15:00,47.694839979546124
2025-12-02 16:00,46.984643802546636
2025-12-02 17:00,52.98526718504188
2025-12-02 18:00,48.19036991860274
2025-12-02 19:00,50.02600814338556
2025-12-02 20:00,49.28263820900427
2025-12-02 21:00,44.00002093826676
2025-12-02 22:00,37.76880911460432
2025-12-02 23:00,38.685159497918974
2025-12-03 00:00,45.81509562944553
2025-12-03 01:00,51.894461337361626
2025-12-03 02:00,53.9483828448357
2025-12-03 03:00,56.80149607528384
2025-12-03 04:00,55.633166213522436
2025-12-03 05:00,51.88653235391145
2025-12-03 06:00,52.35184388206848
2025-12-03 07:00,34.84506826806685
2025-12-03 08:00,31.549244717291142
2025-12-03 09:00,22.95018371611784
2025-12-03 10:00,49.77861815887662
2025-12-03 11:00,56.13198067225372
2025-12-03 12:00,52.84593170356084
2025-12-03 13:00,53.00654079291832
2025-12-03 14:00,58.61028870436157
2025-12-03 15:00,56.34734001258135
2025-12-03 16:00,54.40133239818511
2025-12-03 17:00,55.75448927419763
2025-12-03 18:00,53.282175823773514
2025-12-03 19:00,52.109898134178465
2025-12-03 20:00,55.79846403743601
2025-12-03 21:00,55.14951041225291
2025-12-03 22:00,53.67293996477858
2025-12-03 23:00,49.437550291285724
2025-12-04 00:00,52.023846550953735
2025-12-04 01:00,41.477441854364365
2025-12-04 02:00,34.49332147564894
2025-12-04 03:00,32.86128565924996
2025-12-04 04:00,28.03528684620121
2025-12-04 05:00,17.98528899913444
2025-12-04 06:00,9.613337690677893
2025-12-04 07:00,8.309085413139922
2025-12-04 08:00,5.757850943579272
2025-12-04 09:00,5.198560417670953
2025-12-04 10:00,6.499299715871456
2025-12-04 11:00,2.153654426431965
2025-12-04 12:00,1.8984321773846586
2025-12-04 13:00,1.1207531069064731
2025-12-04 14:00,3.243936909260378
2025-12-04 15:00,4.838091871379244
2025-12-04 16:00,6.764043480549634
2025-12-04 17:00,23.09941352461247
2025-12-04 18:00,22.896635701837393
2025-12-04 19:00,39.330678712413906
2025-12-04 20:00,54.135375982676464
2025-12-04 21:00,56.311840325733364
2025-12-04 22:00,55.2226276701883
2025-12-04 23:00,59.81353089344213
2025-12-05 00:00,63.77536365561558
2025-12-05 01:00,54.66963076986483
2025-12-05 02:00,59.707739776160906
2025-12-05 03:00,53.88679462502424
2025-12-05 04:00,56.000340966449855
2025-12-05 05:00,45.023718308147636
2025-12-05 06:00,43.54422454504086
2025-12-05 07:00,32.57418540537937
2025-12-05 08:00,28.063355951741805
2025-12-05 09:00,29.145189066586486
2025-12-05 10:00,30.921488835969114
2025-12-05 11:00,26.5969711250155
2025-12-05 12:00,24.93952444302454
2025-12-05 13:00,23.620998664664953
2025-12-05 14:00,28.907223484809847
2025-12-05 15:00,18.83688922329772
2025-12-05 16:00,15.408273854499022
2025-12-05 17:00,23.43584153181409
2025-12-05 18:00,12.49011266493773
2025-12-05 19:00,8.986618226350167
2025-12-05 20:00,4.793207409535781
2025-12-05 21:00,3.3107680220332245
2025-12-05 22:00,2.129748819442547
2025-12-05 23:00,2.2222474798627307
2025-12-06 00:00,2.4537903299326267
2025-12-06 01:00,1.7879141560842213
2025-12-06 02:00,2.58310880777688
2025-12-06 03:00,1.869355698595075
2025-12-06 04:00,4.583097442160422
2025-12-06 05:00,3.055659448061023
2025-12-06 06:00,5.690980769067023
2025-12-06 07:00,7.997023593686547
2025-12-06 08:00,9.025589200035618
2025-12-06 09:00,14.327670018306822
2025-12-06 10:00,18.88889921853515
2025-12-06 11:00,18.242535880156545
2025-12-06 12:00,28.423407667938065
2025-12-06 13:00,33.38863852404589
2025-12-06 14:00,32.03471499234104
2025-12-06 15:00,32.09951127813243
2025-12-06 16:00,29.529931527143514
2025-12-06 17:00,26.88507492988739
2025-12-06 18:00,31.525385351802417
2025-12-06 19:00,42.01463133748477
2025-12-06 20:00,40.713557053724976
2025-12-06 21:00,36.028094773034326
2025-12-06 22:00,34.602294357713355
2025-12-06 23:00,35.055561786959615
2025-12-07 00:00,30.19905490647184
2025-12-07 01:00,28.60521518406897
2025-12-07 02:00,20.253286547876826
2025-12-07 03:00,21.593293046961488
2025-12-07 04:00,23.31984119400429
2025-12-07 05:00,19.934521421382684
2025-12-07 06:00,19.647316032709014
2025-12-07 07:00,21.76913083693894
2025-12-07 08:00,19.227759191519294
2025-12-07 09:00,10.812233651632088
2025-12-07 10:00,19.024001054931894
2025-12-07 11:00,20.263159317223902
2025-12-07 12:00,20.612880417993022
2025-12-07 13:00,15.726061984993638
2025-12-07 14:00,13.251443200092277
2025-12-07 15:00,20.647217591346873
2025-12-07 16:00,25.67563645748121
2025-12-07 17:00,26.626948548596094
2025-12-07 18:00,22.325434941878523
2025-12-07 19:00,24.71894236916086
2025-12-07 20:00,29.878985225773683
2025-12-07 21:00,25.22666897520726
2025-12-07 22:00,36.25008458012644
2025-12-07 23:00,45.76616072558461
2025-12-08 00:00,43.518043366471595
2025-12-08 01:00,40.853824445516715
2025-12-08 02:00,42.26664533863823
2025-12-08 03:00,41.727615696844815
2025-12-08 04:00,44.810678096083784
2025-12-08 05:00,29.666784038588872
2025-12-08 06:00,32.09158467195279
2025-12-08 07:00,36.6118710665816
2025-12-08 08:00,44.61063619059588
2025-12-08 09:00,36.34730109896492
2025-12-08 10:00,38.17752877758795
2025-12-08 11:00,40.07570582373674
2025-12-08 12:00,37.47037325959013
2025-12-08 13:00,37.24062247085999
2025-12-08 14:00,38.9436177094732
2025-12-08 15:00,38.948342128379565
2025-12-08 16:00,40.82596537864097
2025-12-08 17:00,29.173117486107095
2025-12-08 18:00,27.371982137561588
2025-12-08 19:00,26.22466227346671
2025-12-08 20:00,19.074186097787287
2025-12-08 21:00,9.621882345918591
2025-12-08 22:00,10.647214680578792
2025-12-08 23:00,5.0348603921718595
2025-12-09 00:00,7.130000711193224
2025-12-09 01:00,5.213089601783687
2025-12-09 02:00,6.010597824750922
2025-12-09 03:00,6.87124408298927
2025-12-09 04:00,6.467194620312874
2025-12-09 05:00,5.339677155987399
2025-12-09 06:00,5.9463617755285085
2025-12-09 07:00,4.594018752101467
2025-12-09 08:00,2.275620337765484
2025-12-09 09:00,0.5451980478835056
2025-12-09 10:00,0.3456438766605723
2025-12-09 11:00,0.1415593276420748
2025-12-09 12:00,0.0
2025-12-09 13:00,0.2004881461413325
2025-12-09 14:00,1.2094137270946657
2025-12-09 15:00,1.9663188726498224
2025-12-09 16:00,1.3168504243481232
2025-12-09 17:00,0.12225899284211161
2025-12-09 18:00,0.30310178064548066
2025-12-09 19:00,0.19435269909146058
2025-12-09 20:00,0.7231451830674511
2025-12-09 21:00,1.0715876494628986
2025-12-09 22:00,0.9732881298408467
2025-12-09 23:00,1.2209933857568247
2025-12-10 00:00,0.8326273366776209
2025-12-10 01:00,2.0912010463914457
2025-12-10 02:00,1.5144097877325249
2025-12-10 03:00,2.36636249430654
2025-12-10 04:00,2.099888452112525
2025-12-10 05:00,1.4331896987730426
2025-12-10 06:00,2.2110371426852975
2025-12-10 07:00,3.3321646860960974
2025-12-10 08:00,3.50947477239845
2025-12-10 09:00,2.395491934177222
2025-12-10 10:00,1.5597375349722706
2025-12-10 11:00,2.3022917539986634
2025-12-10 12:00,3.072864097439632
2025-12-10 13:00,1.3853662546801526
2025-12-10 14:00,1.2412689130436614
2025-12-10 15:00,1.4012674542650676
2025-12-10 16:00,0.9876440147126359
2025-12-10 17:00,0.1571820073847258
2025-12-10 18:00,0.39221619772550304
2025-12-10 19:00,0.6674464966451246
2025-12-10 20:00,0.2107425459676614
2025-12-10 21:00,1.1989207114470917
2025-12-10 22:00,2.7950434986726505
2025-12-10 23:00,2.3410807313152735
2025-12-11 00:00,7.3382716481772405
2025-12-11 01:00,10.268939560645483
2025-12-11 02:00,23.253510374896848
2025-12-11 03:00,36.906574092909594
2025-12-11 04:00,27.696282371213915
2025-12-11 05:00,23.30335817806946
2025-12-11 06:00,25.38775368742637
2025-12-11 07:00,13.018970390307599
2025-12-11 08:00,17.758459129128383
2025-12-11 09:00,15.774519484851659
2025-12-11 10:00,34.71714731013102
2025-12-11 11:00,44.12745253148313
2025-12-11 12:00,49.18209264669761
2025-12-11 13:00,51.86039718237954
2025-12-11 14:00,54.65325383752583
2025-12-11 15:00,52.319368854235684
2025-12-11 16:00,49.957314732106084
2025-12-11 17:00,48.69573464906727
2025-12-11 18:00,51.35166093341837
2025-12-11 19:00,53.63616824355085
2025-12-11 20:00,54.81676543068774
2025-12-11 21:00,58.61258675713848
2025-12-11 22:00,61.056683169775894
2025-12-11 23:00,55.63427430423256
2025-12-12 00:00,43.20304772273353
2025-12-12 01:00,35.40957509984713
2025-12-12 02:00,34.28615307367865
2025-12-12 03:00,31.67532819301907
2025-12-12 04:00,28.917719698412192
2025-12-12 05:00,25.32261089223811
2025-12-12 06:00,22.37050192043308
2025-12-12 07:00,20.907734475753916
2025-12-12 08:00,19.85539825366342
2025-12-12 09:00,17.250436167511292
2025-12-12 10:00,14.29026503219536
2025-12-12 11:00,7.831294349715926
2025-12-12 12:00,3.8132903922766057
2025-12-12 13:00,1.3065679613434786
2025-12-12 14:00,0.25727897690997736
2025-12-12 15:00,0.2609491394479474
2025-12-12 16:00,0.708593267294596
2025-12-12 17:00,3.0608461531345443
2025-12-12 18:00,2.707710020772331
2025-12-12 19:00,1.5060249526553173
2025-12-12 20:00,3.779252183427504
2025-12-12 21:00,2.6256164275276572
2025-12-12 22:00,4.025135805385306
2025-12-12 23:00,4.4078103151333545
2025-12-13 00:00,6.583507055512181
2025-12-13 01:00,3.5905233019018525
2025-12-13 02:00,3.85023455184903
2025-12-13 03:00,6.415833777707532
2025-12-13 04:00,7.522520376371953
2025-12-13 05:00,8.358214896712731
2025-12-13 06:00,10.97969252569593
2025-12-13 07:00,10.016528524210734
2025-12-13 08:00,6.967435573775551
2025-12-13 09:00,5.443042243490125
2025-12-13 10:00,5.120903069655952
2025-12-13 11:00,2.7542288971426347
2025-12-13 12:00,4.162291567007006
2025-12-13 13:00,6.52988072874294
2025-12-13 14:00,17.91698596442839
2025-12-13 15:00,15.060852427938848
2025-12-13 16:00,17.874386457550884
2025-12-13 17:00,12.394536015683574
2025-12-13 18:00,26.096451209073386
2025-12-13 19:00,35.164191000966916
2025-12-13 20:00,23.239941824288422
2025-12-13 21:00,12.589771876486385
2025-12-13 22:00,9.42987992442511
2025-12-13 23:00,5.267491560839202
2025-12-14 00:00,13.353221445435112
2025-12-14 01:00,13.683276043533533
2025-12-14 02:00,24.962744038997815
2025-12-14 03:00,24.529540016928898
2025-12-14 04:00,35.037009013134
2025-12-14 05:00,20.480772816543702
2025-12-14 06:00,14.981503407673106
2025-12-14 07:00,13.386367577908873
2025-12-14 08:00,37.71802699920896
2025-12-14 09:00,51.20859373500482
2025-12-14 10:00,49.75372382405857
2025-12-14 11:00,45.63220750855179
2025-12-14 12:00,49.550620919491095
2025-12-14 13:00,52.17420614387328
2025-12-14 14:00,51.60443221520221
2025-12-14 15:00,50.1797238176881
2025-12-14 16:00,51.95992726177244
2025-12-14 17:00,44.406052834116196
2025-12-14 18:00,44.84503393548717
2025-12-14 19:00,45.931246092852554
2025-12-14 20:00,40.61930586400957
2025-12-14 21:00,32.41234864011226
2025-12-14 22:00,16.898555333958626
2025-12-14 23:00,16.265435363783727
2025-12-15 00:00,5.284286328245329
2025-12-15 01:00,4.773471072339584
2025-12-15 02:00,2.308220045757511
2025-12-15 03:00,1.1750115521741868
2025-12-15 04:00,1.6919207931796028
2025-12-15 05:00,1.9608314076245577
2025-12-15 06:00,0.6166250422596753
2025-12-15 07:00,0.6003203834343254
2025-12-15 08:00,1.7132531407653873
2025-12-15 09:00,1.4037835026125307
2025-12-15 10:00,1.824184158383359
2025-12-15 11:00,0.8820084437069051
2025-12-15 12:00,1.0091648462634635
2025-12-15 13:00,1.5822116807479663
2025-12-15 14:00,2.004184130643928
2025-12-15 15:00,1.4334156821211055
2025-12-15 16:00,0.664421065306094
2025-12-15 17:00,0.8011924492500706
2025-12-15 18:00,1.2441979835895454
2025-12-15 19:00,3.3002304657222474
2025-12-15 20:00,6.445236615359111
2025-12-15 21:00,7.016366175950493
2025-12-15 22:00,18.220166036099144
2025-12-15 23:00,21.71502192639151
2025-12-16 00:00,8.62918973088418
2025-12-16 01:00,11.873488851164446
2025-12-16 02:00,9.50016723487174
2025-12-16 03:00,12.673591611976594
2025-12-16 04:00,16.128862063035395
2025-12-16 05:00,25.4219787020644
2025-12-16 06:00,24.03366748659925
2025-12-16 07:00,28.95572524523034
2025-12-16 08:00,26.32102411496347
2025-12-16 09:00,21.941304362070014
2025-12-16 10:00,22.12796206125195
2025-12-16 11:00,15.972059514777548
2025-12-16 12:00,19.99643785849637
2025-12-16 13:00,16.659897279882387
2025-12-16 14:00,12.52512720170139
2025-12-16 15:00,13.461009129531396
2025-12-16 16:00,11.264966787940974
2025-12-16 17:00,6.620999529147465
2025-12-16 18:00,4.642656512162855
2025-12-16 19:00,4.473340892745919
2025-12-16 20:00,5.278672163518621
2025-12-16 21:00,6.170490517873875
2025-12-16 22:00,3.8390215458910406
2025-12-16 23:00,2.2405020005379983
2025-12-17 00:00,1.5987886716638307
2025-12-17 01:00,1.8829618099201397
2025-12-17 02:00,0.8167855322678435
2025-12-17 03:00,1.5053439003227456
2025-12-17 04:00,1.8205667149784595
2025-12-17 05:00,1.3617280906313787
2025-12-17 06:00,1.7719938199693157
2025-12-17 07:00,6.506896032668545
2025-12-17 08:00,7.652784394259745
2025-12-17 09:00,9.840932395433411
2025-12-17 10:00,30.78322753756234
2025-12-17 11:00,28.331677475557765
2025-12-17 12:00,40.71311868544897
2025-12-17 13:00,37.08165897573721
2025-12-17 14:00,40.267472658035125
2025-12-17 15:00,38.30481948538627
2025-12-17 16:00,37.216362707056774
2025-12-17 17:00,25.157572822580427
2025-12-17 18:00,21.80364081150317
2025-12-17 19:00,18.12414905124305
2025-12-17 20:00,12.281251780505258
2025-12-17 21:00,9.797083239357361
2025-12-17 22:00,8.575120475900583
2025-12-17 23:00,5.82262706428224
2025-12-18 00:00,4.0948869635800484
2025-12-18 01:00,2.5609771796681002
2025-12-18 02:00,2.530614639078845
2025-12-18 03:00,3.819667324123367
2025-12-18 04:00,3.9516457503942903
2025-12-18 05:00,3.5785535860393036
2025-12-18 06:00,3.7983382765851994
2025-12-18 07:00,2.4627741428001086
2025-12-18 08:00,1.3079975840910598
2025-12-18 09:00,1.709472429211862
2025-12-18 10:00,1.016499062694398
2025-12-18 11:00,4.344757718565676
2025-12-18 12:00,3.7313083680387082
2025-12-18 13:00,3.6049477003307335
2025-12-18 14:00,3.593731967082316
2025-12-18 15:00,3.7058802167651868
2025-12-18 16:00,5.797809848435557
2025-12-18 17:00,7.876366598277205
2025-12-18 18:00,6.18228290681676
2025-12-18 19:00,3.7915170731484533
2025-12-18 20:00,1.7917486169738939
2025-12-18 21:00,0.39225016868193596
2025-12-18 22:00,1.023674542894923
2025-12-18 23:00,2.451320956053056
2025-12-19 00:00,7.313191935664127
2025-12-19 01:00,8.060564531152625
2025-12-19 02:00,3.784079027444249
2025-12-19 03:00,2.2690363546194474
2025-12-19 04:00,4.299084203600133
2025-12-19 05:00,2.8302765635272533
2025-12-19 06:00,3.511770472920295
2025-12-19 07:00,3.6594898006362384
2025-12-19 08:00,4.90410522881902
2025-12-19 09:00,2.0959619983568647
2025-12-19 10:00,2.225279133206964
2025-12-19 11:00,9.877402497490133
2025-12-19 12:00,12.84383783864122
2025-12-19 13:00,21.75634230679474
2025-12-19 14:00,18.530845813324305
2025-12-19 15:00,14.99662150983038
2025-12-19 16:00,10.396838239457814
2025-12-19 17:00,6.958749725176233
2025-12-19 18:00,8.120260234028663
2025-12-19 19:00,14.567388667809333
2025-12-19 20:00,17.191270907993026
2025-12-19 21:00,20.571861985136827
2025-12-19 22:00,23.635208420820543
2025-12-19 23:00,20.303555276943
2025-12-20 00:00,27.247309897746664
2025-12-20 01:00,20.84977508895982
2025-12-20 02:00,19.797032312310733
2025-12-20 03:00,21.79841516274365
2025-12-20 04:00,24.93525886134499
2025-12-20 05:00,35.837881806764344
2025-12-20 06:00,25.871353412646606
2025-12-20 07:00,34.44673876936699
2025-12-20 08:00,33.13862430415624
2025-12-20 09:00,23.373266248424045
2025-12-20 10:00,26.483796859928127
2025-12-20 11:00,18.718271312343276
2025-12-20 12:00,5.869249378921582
2025-12-20 13:00,7.2887525240777595
2025-12-20 14:00,10.825993893377746
2025-12-20 15:00,16.832011981186454
2025-12-20 16:00,31.75485048673305
2025-12-20 17:00,32.45940894621641
2025-12-20 18:00,45.32554501736455
2025-12-20 19:00,44.53785394735136
2025-12-20 20:00,46.587054267254544
2025-12-20 21:00,43.46326750881399
2025-12-20 22:00,42.94416851422952
2025-12-20 23:00,40.39915339197079
2025-12-21 00:00,35.992144476161
2025-12-21 01:00,40.99756615334583
2025-12-21 02:00,45.46913595459518
2025-12-21 03:00,47.45827660680856
2025-12-21 04:00,49.25772997389304
2025-12-21 05:00,50.09950618905233
2025-12-21 06:00,52.07776495392554
2025-12-21 07:00,49.31251143898196
2025-12-21 08:00,51.48914128404239
2025-12-21 09:00,45.55492821220064
2025-12-21 10:00,46.30551159157108
2025-12-21 11:00,48.657874465260704
2025-12-21 12:00,43.40841327905933
2025-12-21 13:00,46.6296648691071
2025-12-21 14:00,43.33566372263738
2025-12-21 15:00,44.843606241172104
2025-12-21 16:00,48.124226912187424
2025-12-21 17:00,47.74407781421795
2025-12-21 18:00,41.81809554700247
2025-12-21 19:00,38.782345401212446
2025-12-21 20:00,38.48313442819794
2025-12-21 21:00,30.287670035770745
2025-12-21 22:00,28.286026169476095
2025-12-21 23:00,24.105447343688866
2025-12-22 00:00,26.578863817335556
2025-12-22 01:00,23.536536699841704
2025-12-22 02:00,20.723210332751368
2025-12-22 03:00,18.512620160453054
2025-12-22 04:00,16.753536180818116
2025-12-22 05:00,15.74088549629663
2025-12-22 06:00,15.410045191394305
2025-12-22 07:00,16.04176100421308
2025-12-22 08:00,13.630709106145053
2025-12-22 09:00,16.183038653544564
2025-12-22 10:00,12.839232907834829
2025-12-22 11:00,8.640188512925912
2025-12-22 12:00,4.6560213109507265
2025-12-22 13:00,3.1810219937989808
2025-12-22 14:00,5.894413701723058
2025-12-22 15:00,7.810839186708689
2025-12-22 16:00,5.455576348263691
2025-12-22 17:00,7.328897050428342
2025-12-22 18:00,7.774987409347822
2025-12-22 19:00,8.280685258493566
2025-12-22 20:00,9.437659261994947
2025-12-22 21:00,6.99422997867766
2025-12-22 22:00,5.837700305397828
2025-12-22 23:00,2.394343897995498
2025-12-23 00:00,8.393858706642497
2025-12-23 01:00,4.558171307445783
2025-12-23 02:00,3.2106157821620895
2025-12-23 03:00,5.448468156993084
2025-12-23 04:00,4.0062965988854025
2025-12-23 05:00,8.758805984660839
2025-12-23 06:00,8.567882167991655
2025-12-23 07:00,5.600437990784177
2025-12-23 08:00,4.375761713880878
2025-12-23 09:00,3.077241315382157
2025-12-23 10:00,4.8618275071440715
2025-12-23 11:00,18.50728632932492
2025-12-23 12:00,22.89570582525657
2025-12-23 13:00,18.101310071428543
2025-12-23 14:00,14.755769335083274
2025-12-23 15:00,23.563735623748244
2025-12-23 16:00,21.731955049467622
2025-12-23 17:00,26.197193915284824
2025-12-23 18:00,10.15664795959189
2025-12-23 19:00,4.803397429223317
2025-12-23 20:00,8.68049354678621
2025-12-23 21:00,11.728605779760537
2025-12-23 22:00,6.919111512790481
2025-12-23 23:00,3.5171121619422587
2025-12-24 00:00,2.6112471844741485
2025-12-24 01:00,9.826075053581409
2025-12-24 02:00,6.276452181383806
2025-12-24 03:00,13.397179030062796
2025-12-24 04:00,25.473353952318266
2025-12-24 05:00,42.85409656333308
2025-12-24 06:00,38.708638606001216
2025-12-24 07:00,43.773835781495066
2025-12-24 08:00,38.89906710396837
2025-12-24 09:00,41.12157898019531
2025-12-24 10:00,41.28329152154802
2025-12-24 11:00,40.110317442760234
2025-12-24 12:00,40.86387642263142
2025-12-24 13:00,41.53609754324227
2025-12-24 14:00,40.084392334022816
2025-12-24 15:00,41.441049479318195
2025-12-24 16:00,45.281469566750474
2025-12-24 17:00,43.85199688907882
2025-12-24 18:00,38.10568424112338
2025-12-24 19:00,40.223566529686266
2025-12-24 20:00,38.898391605939906
2025-12-24 21:00,35.35830457340171
2025-12-24 22:00,32.66472270155708
2025-12-24 23:00,27.13870018115667
2025-12-25 00:00,27.01898354772968
2025-12-25 01:00,23.87544894862422
2025-12-25 02:00,21.373142114500126
2025-12-25 03:00,27.497288812498102
2025-12-25 04:00,29.894573666643907
2025-12-25 05:00,28.372997547336844
2025-12-25 06:00,35.8583846423859
2025-12-25 07:00,43.216316969762445
2025-12-25 08:00,47.98205760845031
2025-12-25 09:00,54.68165300326766
2025-12-25 10:00,52.304318719776056
2025-12-25 11:00,52.44938493045769
2025-12-25 12:00,51.633648984807394
2025-12-25 13:00,57.9396531574459
2025-12-25 14:00,55.855386164812096
2025-12-25 15:00,51.10893616703846
2025-12-25 16:00,53.27456181990892
2025-12-25 17:00,51.55898051197954
2025-12-25 18:00,55.57008128359874
2025-12-25 19:00,53.43850136944718
2025-12-25 20:00,54.9109433443835
2025-12-25 21:00,53.18038617079689
2025-12-25 22:00,56.18746334471692
2025-12-25 23:00,60.467152204089835
2025-12-26 00:00,57.47043447384577
2025-12-26 01:00,57.33728216284978
2025-12-26 02:00,55.430397458877636
2025-12-26 03:00,55.63681702149587
2025-12-26 04:00,53.52163027525589
2025-12-26 05:00,52.15904021815825
2025-12-26 06:00,52.83076966665076
2025-12-26 07:00,52.21750011970638
2025-12-26 08:00,51.501648987819635
2025-12-26 09:00,47.85493188192784
2025-12-26 10:00,47.84967331353747
2025-12-26 11:00,48.5809467130739
2025-12-26 12:00,49.67788564131886
2025-12-26 13:00,50.761316111232134
2025-12-26 14:00,49.95660599186082
2025-12-26 15:00,49.7393042575876
2025-12-26 16:00,47.48458912040105
2025-12-26 17:00,49.229292690915265
2025-12-26 18:00,44.539263148386226
2025-12-26 19:00,40.95955837748838
2025-12-26 20:00,36.224333808945474
2025-12-26 21:00,22.553115897555095
2025-12-26 22:00,10.629926059837066
2025-12-26 23:00,8.419075750365613
2025-12-27 00:00,5.801612521209716
2025-12-27 01:00,5.06988849108568
2025-12-27 02:00,6.884856420431893
2025-12-27 03:00,4.624811750505034
2025-12-27 04:00,3.0733447894199086
2025-12-27 05:00,2.2319811647811685
2025-12-27 06:00,0.7345373587291009
2025-12-27 07:00,0.5017653636204726
2025-12-27 08:00,1.4065813878597684
2025-12-27 09:00,0.4843808965998956
2025-12-27 10:00,0.46819325255969435
2025-12-27 11:00,0.20520504710601295
2025-12-27 12:00,0.0
2025-12-27 13:00,1.4119708769418255
2025-12-27 14:00,1.7893019550778084
2025-12-27 15:00,1.7825254646429431
2025-12-27 16:00,0.8503024667396268
2025-12-27 17:00,2.1761642138124477
2025-12-27 18:00,6.641186042364765
2025-12-27 19:00,6.102245889051406
2025-12-27 20:00,4.575346055803004
2025-12-27 21:00,7.735378582754878
2025-12-27 22:00,7.05719770564405
2025-12-27 23:00,5.681529164076786
2025-12-28 00:00,4.076567749859701
2025-12-28 01:00,3.250423601856548
2025-12-28 02:00,3.499651182526433
2025-12-28 03:00,4.3876098070692215
2025-12-28 04:00,7.733883094892313
2025-12-28 05:00,12.60422958489023
2025-12-28 06:00,3.892831298708423
2025-12-28 07:00,4.824404154893256
2025-12-28 08:00,6.067365070950107
2025-12-28 09:00,5.119196292050405
2025-12-28 10:00,4.447730100898649
2025-12-28 11:00,8.695804399158312
2025-12-28 12:00,13.476071678149891
2025-12-28 13:00,11.067889096858373
2025-12-28 14:00,11.514737076892578
2025-12-28 15:00,15.08714220868763
2025-12-28 16:00,16.424026144248337
2025-12-28 17:00,14.194335943486116
2025-12-28 18:00,18.51881335146982
2025-12-28 19:00,31.027907561092952
2025-12-28 20:00,38.61900054423874
2025-12-28 21:00,37.10176066310172
2025-12-28 22:00,37.27832862475582
2025-12-28 23:00,38.57539150900097
2025-12-29 00:00,27.82536673476554
2025-12-29 01:00,16.932989327718847
2025-12-29 02:00,23.37607743669369
2025-12-29 03:00,27.48734990280703
2025-12-29 04:00,23.957288318053145
2025-12-29 05:00,26.455065787316084
2025-12-29 06:00,31.425646398438385
2025-12-29 07:00,24.315246763169434
2025-12-29 08:00,22.33357100864665
2025-12-29 09:00,22.27466528688905
2025-12-29 10:00,26.865313503796276
2025-12-29 11:00,26.94623130000705
2025-12-29 12:00,28.232435993250842
2025-12-29 13:00,26.952396317386974
2025-12-29 14:00,19.645370543460515
2025-12-29 15:00,37.694492960836186
2025-12-29 16:00,36.366684427415
2025-12-29 17:00,33.974118422930786
2025-12-29 18:00,26.621795666401695
2025-12-29 19:00,29.29854488129589
2025-12-29 20:00,27.046342155832708
2025-12-29 21:00,26.553288311319257
2025-12-29 22:00,25.740702841983975
2025-12-29 23:00,16.952619383187045
2025-12-30 00:00,14.73161227721715
2025-12-30 01:00,19.90771199853129
2025-12-30 02:00,16.92013402063189
2025-12-30 03:00,23.391613421048234
2025-12-30 04:00,25.508191197556254
2025-12-30 05:00,29.231452557842044
2025-12-30 06:00,29.200024358418098
2025-12-30 07:00,33.029232539095474
2025-12-30 08:00,32.53107144377957
2025-12-30 09:00,38.62476016134324
2025-12-30 10:00,36.39469185776004
2025-12-30 11:00,36.929771094294765
2025-12-30 12:00,43.43716199486839
2025-12-30 13:00,40.735982553231935
2025-12-30 14:00,39.835059976824674
2025-12-30 15:00,42.69850927648739
2025-12-30 16:00,44.56433356538182
2025-12-30 17:00,37.1306208015
2025-12-30 18:00,32.68132997025294
2025-12-30 19:00,23.97974754849148
2025-12-30 20:00,23.895199387734742
2025-12-30 21:00,8.888844422774865
2025-12-30 22:00,5.091612745115546
2025-12-30 23:00,3.4428808967155877
2025-12-31 00:00,3.3074295044316244
2025-12-31 01:00,9.890726629687117
2025-12-31 02:00,15.420037785887322
2025-12-31 03:00,26.904221499485978
2025-12-31 04:00,41.55350530534211
2025-12-31 05:00,41.92261050245116
2025-12-31 06:00,48.297965282091866
2025-12-31 07:00,49.503916208863394
2025-12-31 08:00,51.57529927711609
2025-12-31 09:00,56.017373037231415
2025-12-31 10:00,51.490617349172254
2025-12-31 11:00,45.637497989865864
2025-12-31 12:00,48.992679337645136
2025-12-31 13:00,45.791423066328484
2025-12-31 14:00,49.29196504411794
2025-12-31 15:00,48.85991570457723
2025-12-31 16:00,45.290834589692736
2025-12-31 17:00,53.810170247225784
2025-12-31 18:00,52.81930776155629
2025-12-31 19:00,50.96923840117552
2025-12-31 20:00,51.84681141082011
2025-12-31 21:00,49.615678192941814
2025-12-31 22:00,48.36694313011074
2025-12-31 23:00,43.87381238895365
